GC_content,Replicate,Random_seed,Genome_size,Effective_length_Mb,iMotif_count,Density_IM_per_Mb,Actual_GC_content,Actual_G_content,Actual_C_content,Actual_A_content,Actual_T_content,Pos_strand_C,Pos_strand_G,Neg_strand_C,G_to_C_ratio,A_to_T_ratio,Run_time_seconds,C_distribution,G_distribution
0.1,1,90631062,10000000,20.0,0,0.0,0.1,0.05,0.05,0.45,0.45,0.05,0.05,0.05,1.0,1.0,35.225332,"{""1"": 451454, ""2"": 22454, ""3"": 1145, ""4+"": 50}","{""1"": 451094, ""2"": 22578, ""3"": 1139, ""4+"": 82}"
0.1,2,4273532487,10000000,20.0,0,0.0,0.1,0.05,0.05,0.45,0.45,0.05,0.05,0.05,1.0,1.0,34.643718,"{""1"": 451045, ""2"": 22644, ""3"": 1149, ""4+"": 54}","{""1"": 451367, ""2"": 22484, ""3"": 1153, ""4+"": 51}"
0.1,3,3244147675,10000000,20.0,0,0.0,0.1,0.05,0.05,0.45,0.45,0.05,0.05,0.05,1.0,1.0,34.97354,"{""1"": 451330, ""2"": 22477, ""3"": 1156, ""4+"": 62}","{""1"": 451410, ""2"": 22508, ""3"": 1106, ""4+"": 63}"
0.1,4,3016285918,10000000,20.0,0,0.0,0.1,0.05,0.05,0.45,0.45,0.05,0.05,0.05,1.0,1.0,33.694572,"{""1"": 451119, ""2"": 22614, ""3"": 1152, ""4+"": 49}","{""1"": 451570, ""2"": 22400, ""3"": 1133, ""4+"": 57}"
0.1,5,1714846578,10000000,20.0,0,0.0,0.1,0.05,0.05,0.45,0.45,0.05,0.05,0.05,1.0,1.0,34.781773,"{""1"": 451430, ""2"": 22377, ""3"": 1190, ""4+"": 61}","{""1"": 451320, ""2"": 22519, ""3"": 1139, ""4+"": 56}"
0.1,6,3185813603,10000000,20.0,0,0.0,0.1,0.05,0.05,0.45,0.45,0.05,0.05,0.05,1.0,1.0,34.746613,"{""1"": 451394, ""2"": 22563, ""3"": 1081, ""4+"": 59}","{""1"": 450459, ""2"": 22902, ""3"": 1161, ""4+"": 63}"
0.1,7,1884374263,10000000,20.0,0,0.0,0.1,0.05,0.05,0.45,0.45,0.05,0.05,0.05,1.0,1.0,34.570349,"{""1"": 450999, ""2"": 22719, ""3"": 1095, ""4+"": 68}","{""1"": 451140, ""2"": 22616, ""3"": 1131, ""4+"": 58}"
0.1,8,2798267962,10000000,20.0,0,0.0,0.1,0.05,0.05,0.45,0.45,0.05,0.05,0.05,1.0,1.0,34.178602,"{""1"": 451467, ""2"": 22448, ""3"": 1122, ""4+"": 67}","{""1"": 450699, ""2"": 22834, ""3"": 1137, ""4+"": 55}"
0.1,9,2927072189,10000000,20.0,0,0.0,0.1,0.05,0.05,0.45,0.45,0.05,0.05,0.05,1.0,1.0,34.70387,"{""1"": 450899, ""2"": 22699, ""3"": 1139, ""4+"": 71}","{""1"": 451051, ""2"": 22653, ""3"": 1143, ""4+"": 53}"
0.1,10,288946577,10000000,20.0,0,0.0,0.1,0.05,0.05,0.45,0.45,0.05,0.05,0.05,1.0,1.0,33.74247,"{""1"": 451193, ""2"": 22534, ""3"": 1176, ""4+"": 52}","{""1"": 450875, ""2"": 22719, ""3"": 1141, ""4+"": 65}"
0.1,11,3907397250,10000000,20.0,0,0.0,0.1,0.05,0.05,0.45,0.45,0.05,0.05,0.05,1.0,1.0,34.794122,"{""1"": 451275, ""2"": 22592, ""3"": 1109, ""4+"": 53}","{""1"": 451653, ""2"": 22477, ""3"": 1064, ""4+"": 49}"
0.1,12,1931187798,10000000,20.0,0,0.0,0.1,0.05,0.05,0.45,0.45,0.05,0.05,0.05,1.0,1.0,33.903056,"{""1"": 451427, ""2"": 22473, ""3"": 1129, ""4+"": 60}","{""1"": 451335, ""2"": 22536, ""3"": 1117, ""4+"": 60}"
0.1,13,3545559513,10000000,20.0,0,0.0,0.1,0.05,0.05,0.45,0.45,0.05,0.05,0.05,1.0,1.0,35.061631,"{""1"": 451343, ""2"": 22603, ""3"": 1075, ""4+"": 56}","{""1"": 451040, ""2"": 22627, ""3"": 1139, ""4+"": 71}"
0.1,14,1170214108,10000000,20.0,0,0.0,0.1,0.05,0.05,0.45,0.45,0.05,0.05,0.05,1.0,1.0,33.89362,"{""1"": 451312, ""2"": 22483, ""3"": 1164, ""4+"": 57}","{""1"": 451597, ""2"": 22420, ""3"": 1111, ""4+"": 57}"
0.1,15,2683651102,10000000,20.0,0,0.0,0.1,0.05,0.05,0.45,0.45,0.05,0.05,0.05,1.0,1.0,35.001013,"{""1"": 451707, ""2"": 22334, ""3"": 1133, ""4+"": 55}","{""1"": 451299, ""2"": 22513, ""3"": 1149, ""4+"": 57}"
0.1,16,3707864161,10000000,20.0,0,0.0,0.1,0.05,0.05,0.45,0.45,0.05,0.05,0.05,1.0,1.0,35.044781,"{""1"": 450625, ""2"": 22828, ""3"": 1174, ""4+"": 49}","{""1"": 451217, ""2"": 22581, ""3"": 1126, ""4+"": 60}"
0.1,17,1400696629,10000000,20.0,0,0.0,0.1,0.05,0.05,0.45,0.45,0.05,0.05,0.05,1.0,1.0,33.818675,"{""1"": 451186, ""2"": 22685, ""3"": 1084, ""4+"": 48}","{""1"": 451807, ""2"": 22360, ""3"": 1086, ""4+"": 53}"
0.1,18,867584696,10000000,20.0,0,0.0,0.1,0.05,0.05,0.45,0.45,0.05,0.05,0.05,1.0,1.0,35.082688,"{""1"": 451096, ""2"": 22595, ""3"": 1153, ""4+"": 63}","{""1"": 451417, ""2"": 22508, ""3"": 1101, ""4+"": 65}"
0.1,19,3497069242,10000000,20.0,0,0.0,0.1,0.05,0.05,0.45,0.45,0.05,0.05,0.05,1.0,1.0,34.611366,"{""1"": 451680, ""2"": 22397, ""3"": 1098, ""4+"": 57}","{""1"": 451343, ""2"": 22548, ""3"": 1104, ""4+"": 62}"
0.1,20,2153159933,10000000,20.0,0,0.0,0.1,0.05,0.05,0.45,0.45,0.05,0.05,0.05,1.0,1.0,34.631779,"{""1"": 451348, ""2"": 22532, ""3"": 1129, ""4+"": 50}","{""1"": 451340, ""2"": 22470, ""3"": 1161, ""4+"": 59}"
0.1,21,244799872,10000000,20.0,0,0.0,0.1,0.05,0.05,0.45,0.45,0.05,0.05,0.05,1.0,1.0,33.480702,"{""1"": 451536, ""2"": 22396, ""3"": 1136, ""4+"": 65}","{""1"": 450822, ""2"": 22732, ""3"": 1157, ""4+"": 60}"
0.1,22,2011960916,10000000,20.0,0,0.0,0.1,0.05,0.05,0.45,0.45,0.05,0.05,0.05,1.0,1.0,35.246603,"{""1"": 451339, ""2"": 22498, ""3"": 1153, ""4+"": 51}","{""1"": 451020, ""2"": 22659, ""3"": 1135, ""4+"": 63}"
0.1,23,83369477,10000000,20.0,0,0.0,0.1,0.05,0.05,0.45,0.45,0.05,0.05,0.05,1.0,1.0,33.773502,"{""1"": 451024, ""2"": 22653, ""3"": 1144, ""4+"": 59}","{""1"": 451478, ""2"": 22512, ""3"": 1080, ""4+"": 64}"
0.1,24,4108333529,10000000,20.0,0,0.0,0.1,0.05,0.05,0.45,0.45,0.05,0.05,0.05,1.0,1.0,33.664606,"{""1"": 451293, ""2"": 22516, ""3"": 1136, ""4+"": 66}","{""1"": 451191, ""2"": 22591, ""3"": 1121, ""4+"": 65}"
0.1,25,1058218012,10000000,20.0,0,0.0,0.1,0.05,0.05,0.45,0.45,0.05,0.05,0.05,1.0,1.0,33.738436,"{""1"": 450960, ""2"": 22714, ""3"": 1126, ""4+"": 58}","{""1"": 451175, ""2"": 22626, ""3"": 1105, ""4+"": 64}"
0.1,26,2260928304,10000000,20.0,0,0.0,0.1,0.05,0.05,0.45,0.45,0.05,0.05,0.05,1.0,1.0,33.641121,"{""1"": 450858, ""2"": 22777, ""3"": 1117, ""4+"": 58}","{""1"": 451243, ""2"": 22598, ""3"": 1098, ""4+"": 66}"
0.1,27,3264909985,10000000,20.0,0,0.0,0.1,0.05,0.05,0.45,0.45,0.05,0.05,0.05,1.0,1.0,33.804245,"{""1"": 451255, ""2"": 22545, ""3"": 1121, ""4+"": 72}","{""1"": 451278, ""2"": 22593, ""3"": 1106, ""4+"": 54}"
0.1,28,2816409508,10000000,20.0,0,0.0,0.1,0.05,0.05,0.45,0.45,0.05,0.05,0.05,1.0,1.0,33.547764,"{""1"": 451068, ""2"": 22583, ""3"": 1177, ""4+"": 58}","{""1"": 451436, ""2"": 22452, ""3"": 1138, ""4+"": 60}"
0.1,29,3908800440,10000000,20.0,0,0.0,0.1,0.05,0.05,0.45,0.45,0.05,0.05,0.05,1.0,1.0,33.202519,"{""1"": 451454, ""2"": 22507, ""3"": 1087, ""4+"": 66}","{""1"": 451522, ""2"": 22452, ""3"": 1097, ""4+"": 70}"
0.1,30,891880571,10000000,20.0,0,0.0,0.1,0.05,0.05,0.45,0.45,0.05,0.05,0.05,1.0,1.0,33.672978,"{""1"": 451569, ""2"": 22411, ""3"": 1110, ""4+"": 69}","{""1"": 450953, ""2"": 22663, ""3"": 1165, ""4+"": 56}"
0.2,1,3856337580,10000000,20.0,0,0.0,0.2,0.1,0.1,0.4,0.4,0.1,0.1,0.1,1.0,1.0,36.224732,"{""1"": 809485, ""2"": 81319, ""3"": 8072, ""4+"": 890}","{""1"": 809449, ""2"": 81083, ""3"": 8219, ""4+"": 909}"
0.2,2,4069753263,10000000,20.0,0,0.0,0.2,0.1,0.1,0.4,0.4,0.1,0.1,0.1,1.0,1.0,35.933657,"{""1"": 808848, ""2"": 81767, ""3"": 8004, ""4+"": 876}","{""1"": 810238, ""2"": 80982, ""3"": 8091, ""4+"": 854}"
0.2,3,2157923889,10000000,20.0,0,0.0,0.2,0.1,0.1,0.4,0.4,0.1,0.1,0.1,1.0,1.0,36.181122,"{""1"": 810526, ""2"": 80840, ""3"": 8086, ""4+"": 864}","{""1"": 809332, ""2"": 81245, ""3"": 8196, ""4+"": 872}"
0.2,4,3071817588,10000000,20.0,0,0.0,0.2,0.1,0.1,0.4,0.4,0.1,0.1,0.1,1.0,1.0,36.025264,"{""1"": 810008, ""2"": 81162, ""3"": 8013, ""4+"": 882}","{""1"": 809743, ""2"": 81161, ""3"": 8042, ""4+"": 922}"
0.2,5,2058866359,10000000,20.0,0,0.0,0.2,0.1,0.1,0.4,0.4,0.1,0.1,0.1,1.0,1.0,36.139983,"{""1"": 810356, ""2"": 80921, ""3"": 8034, ""4+"": 899}","{""1"": 810615, ""2"": 80684, ""3"": 8072, ""4+"": 922}"
0.2,6,4241596939,10000000,20.0,0,0.0,0.2,0.1,0.1,0.4,0.4,0.1,0.1,0.1,1.0,1.0,35.451528,"{""1"": 809627, ""2"": 81019, ""3"": 8199, ""4+"": 910}","{""1"": 809943, ""2"": 80727, ""3"": 8208, ""4+"": 964}"
0.2,7,2987775612,10000000,20.0,0,0.0,0.2,0.1,0.1,0.4,0.4,0.1,0.1,0.1,1.0,1.0,36.398377,"{""1"": 809130, ""2"": 81365, ""3"": 8148, ""4+"": 894}","{""1"": 809971, ""2"": 80999, ""3"": 8099, ""4+"": 908}"
0.2,8,3133341904,10000000,20.0,0,0.0,0.2,0.1,0.1,0.4,0.4,0.1,0.1,0.1,1.0,1.0,36.17818,"{""1"": 810856, ""2"": 80778, ""3"": 8016, ""4+"": 864}","{""1"": 810677, ""2"": 80525, ""3"": 8119, ""4+"": 953}"
0.2,9,2120390675,10000000,20.0,0,0.0,0.2,0.1,0.1,0.4,0.4,0.1,0.1,0.1,1.0,1.0,32.053317,"{""1"": 809946, ""2"": 81081, ""3"": 7956, ""4+"": 976}","{""1"": 809660, ""2"": 81254, ""3"": 8133, ""4+"": 835}"
0.2,10,3150385326,10000000,20.0,0,0.0,0.2,0.1,0.1,0.4,0.4,0.1,0.1,0.1,1.0,1.0,36.293956,"{""1"": 809591, ""2"": 81151, ""3"": 8121, ""4+"": 914}","{""1"": 809444, ""2"": 81426, ""3"": 7992, ""4+"": 906}"
0.2,11,3490577368,10000000,20.0,1,0.0499999999999999,0.2,0.1,0.1,0.4,0.4,0.1,0.1,0.1,1.0,1.0,36.140934,"{""1"": 809657, ""2"": 80966, ""3"": 8196, ""4+"": 934}","{""1"": 809394, ""2"": 81126, ""3"": 8213, ""4+"": 905}"
0.2,12,3262715611,10000000,20.0,0,0.0,0.2,0.1,0.1,0.4,0.4,0.1,0.1,0.1,1.0,1.0,35.927442,"{""1"": 809669, ""2"": 80877, ""3"": 8353, ""4+"": 858}","{""1"": 809559, ""2"": 81363, ""3"": 7999, ""4+"": 902}"
0.2,13,2292234351,10000000,20.0,0,0.0,0.2,0.1,0.1,0.4,0.4,0.1,0.1,0.1,1.0,1.0,36.194727,"{""1"": 810007, ""2"": 81106, ""3"": 8076, ""4+"": 862}","{""1"": 809597, ""2"": 81050, ""3"": 8154, ""4+"": 931}"
0.2,14,3180420146,10000000,20.0,0,0.0,0.2,0.1,0.1,0.4,0.4,0.1,0.1,0.1,1.0,1.0,35.107741,"{""1"": 810401, ""2"": 80823, ""3"": 8157, ""4+"": 843}","{""1"": 809186, ""2"": 81344, ""3"": 8191, ""4+"": 864}"
0.2,15,2520665588,10000000,20.0,0,0.0,0.2,0.1,0.1,0.4,0.4,0.1,0.1,0.1,1.0,1.0,36.246815,"{""1"": 809148, ""2"": 81353, ""3"": 8150, ""4+"": 899}","{""1"": 810018, ""2"": 80902, ""3"": 8121, ""4+"": 930}"
0.2,16,2403123191,10000000,20.0,0,0.0,0.2,0.1,0.1,0.4,0.4,0.1,0.1,0.1,1.0,1.0,36.139984,"{""1"": 810278, ""2"": 80877, ""3"": 8082, ""4+"": 904}","{""1"": 810427, ""2"": 80763, ""3"": 8125, ""4+"": 892}"
0.2,17,3180989626,10000000,20.0,0,0.0,0.2,0.1,0.1,0.4,0.4,0.1,0.1,0.1,1.0,1.0,37.153632,"{""1"": 810015, ""2"": 81078, ""3"": 8060, ""4+"": 886}","{""1"": 810468, ""2"": 80843, ""3"": 8103, ""4+"": 862}"
0.2,18,1399710990,10000000,20.0,0,0.0,0.2,0.1,0.1,0.4,0.4,0.1,0.1,0.1,1.0,1.0,35.639672,"{""1"": 809633, ""2"": 81033, ""3"": 8155, ""4+"": 935}","{""1"": 809257, ""2"": 81103, ""3"": 8270, ""4+"": 906}"
0.2,19,2514012031,10000000,20.0,1,0.0499999999999999,0.2,0.1,0.1,0.4,0.4,0.1,0.1,0.1,1.0,1.0,36.387871,"{""1"": 810088, ""2"": 80848, ""3"": 8194, ""4+"": 886}","{""1"": 810070, ""2"": 80760, ""3"": 8149, ""4+"": 963}"
0.2,20,2574966867,10000000,20.0,0,0.0,0.2,0.1,0.1,0.4,0.4,0.1,0.1,0.1,1.0,1.0,35.534109,"{""1"": 809582, ""2"": 80897, ""3"": 8292, ""4+"": 911}","{""1"": 809536, ""2"": 81175, ""3"": 8091, ""4+"": 936}"
0.2,21,3683791382,10000000,20.0,0,0.0,0.2,0.1,0.1,0.4,0.4,0.1,0.1,0.1,1.0,1.0,36.421814,"{""1"": 810344, ""2"": 81021, ""3"": 7999, ""4+"": 879}","{""1"": 809669, ""2"": 80803, ""3"": 8302, ""4+"": 932}"
0.2,22,676145834,10000000,20.0,0,0.0,0.2,0.1,0.1,0.4,0.4,0.1,0.1,0.1,1.0,1.0,35.643336,"{""1"": 809923, ""2"": 80914, ""3"": 8101, ""4+"": 962}","{""1"": 810030, ""2"": 81240, ""3"": 7945, ""4+"": 894}"
0.2,23,3912222619,10000000,20.0,0,0.0,0.2,0.1,0.1,0.4,0.4,0.1,0.1,0.1,1.0,1.0,36.673098,"{""1"": 810354, ""2"": 80810, ""3"": 8111, ""4+"": 898}","{""1"": 810093, ""2"": 81143, ""3"": 8014, ""4+"": 871}"
0.2,24,4015318942,10000000,20.0,0,0.0,0.2,0.1,0.1,0.4,0.4,0.1,0.1,0.1,1.0,1.0,37.102623,"{""1"": 809585, ""2"": 81157, ""3"": 8149, ""4+"": 890}","{""1"": 809943, ""2"": 81149, ""3"": 8089, ""4+"": 853}"
0.2,25,676715314,10000000,20.0,0,0.0,0.2,0.1,0.1,0.4,0.4,0.1,0.1,0.1,1.0,1.0,36.36433,"{""1"": 810541, ""2"": 80514, ""3"": 8234, ""4+"": 905}","{""1"": 809883, ""2"": 80795, ""3"": 8228, ""4+"": 936}"
0.2,26,669492277,10000000,20.0,0,0.0,0.2,0.1,0.1,0.4,0.4,0.1,0.1,0.1,1.0,1.0,36.825282,"{""1"": 809851, ""2"": 81270, ""3"": 8060, ""4+"": 831}","{""1"": 810400, ""2"": 80626, ""3"": 8219, ""4+"": 897}"
0.2,27,3072861577,10000000,20.0,0,0.0,0.2,0.1,0.1,0.4,0.4,0.1,0.1,0.1,1.0,1.0,36.802766,"{""1"": 810234, ""2"": 80813, ""3"": 8142, ""4+"": 901}","{""1"": 809574, ""2"": 81205, ""3"": 8089, ""4+"": 912}"
0.2,28,1793332346,10000000,20.0,0,0.0,0.2,0.1,0.1,0.4,0.4,0.1,0.1,0.1,1.0,1.0,35.615334,"{""1"": 809683, ""2"": 81164, ""3"": 8060, ""4+"": 926}","{""1"": 809687, ""2"": 81018, ""3"": 8159, ""4+"": 926}"
0.2,29,2775403918,10000000,20.0,0,0.0,0.2,0.1,0.1,0.4,0.4,0.1,0.1,0.1,1.0,1.0,36.610266,"{""1"": 810132, ""2"": 81117, ""3"": 7980, ""4+"": 898}","{""1"": 810291, ""2"": 80998, ""3"": 8044, ""4+"": 871}"
0.2,30,984850961,10000000,20.0,0,0.0,0.2,0.1,0.1,0.4,0.4,0.1,0.1,0.1,1.0,1.0,36.655659,"{""1"": 810551, ""2"": 80804, ""3"": 7984, ""4+"": 946}","{""1"": 810451, ""2"": 80669, ""3"": 8177, ""4+"": 898}"
0.3,1,3563558703,10000000,20.0,2,0.0999999999999999,0.3,0.15,0.15,0.35,0.35,0.15,0.15,0.15,1.0,1.0,34.143591,"{""1"": 1083213, ""2"": 162736, ""3"": 24454, ""4+"": 4311}","{""1"": 1084668, ""2"": 162375, ""3"": 24177, ""4+"": 4319}"
0.3,2,3260470129,10000000,20.0,2,0.0999999999999999,0.3,0.15,0.15,0.35,0.35,0.15,0.15,0.15,1.0,1.0,37.01526,"{""1"": 1083875, ""2"": 162577, ""3"": 24395, ""4+"": 4258}","{""1"": 1084347, ""2"": 162244, ""3"": 24347, ""4+"": 4346}"
0.3,3,3622767028,10000000,20.0,1,0.0499999999999999,0.3,0.15,0.15,0.35,0.35,0.15,0.15,0.15,1.0,1.0,37.004206,"{""1"": 1083134, ""2"": 162571, ""3"": 24637, ""4+"": 4270}","{""1"": 1083347, ""2"": 162555, ""3"": 24418, ""4+"": 4385}"
0.3,4,2720135159,10000000,20.0,3,0.15,0.3,0.15,0.15,0.35,0.35,0.15,0.15,0.15,1.0,1.0,34.18248,"{""1"": 1084377, ""2"": 162240, ""3"": 24506, ""4+"": 4230}","{""1"": 1083467, ""2"": 162387, ""3"": 24545, ""4+"": 4334}"
0.3,5,3566179467,10000000,20.0,3,0.15,0.3,0.15,0.15,0.35,0.35,0.15,0.15,0.15,1.0,1.0,36.021679,"{""1"": 1084471, ""2"": 162340, ""3"": 24458, ""4+"": 4182}","{""1"": 1083914, ""2"": 162629, ""3"": 24400, ""4+"": 4228}"
0.3,6,295425230,10000000,20.0,1,0.0499999999999999,0.3,0.15,0.15,0.35,0.35,0.15,0.15,0.15,1.0,1.0,36.352534,"{""1"": 1084517, ""2"": 162990, ""3"": 23911, ""4+"": 4255}","{""1"": 1084519, ""2"": 162243, ""3"": 24372, ""4+"": 4275}"
0.3,7,803134032,10000000,20.0,2,0.0999999999999999,0.3,0.15,0.15,0.35,0.35,0.15,0.15,0.15,1.0,1.0,36.156031,"{""1"": 1084334, ""2"": 162597, ""3"": 24218, ""4+"": 4271}","{""1"": 1083346, ""2"": 162710, ""3"": 24441, ""4+"": 4297}"
0.3,8,464952915,10000000,20.0,5,0.25,0.3,0.15,0.15,0.35,0.35,0.15,0.15,0.15,1.0,1.0,36.345487,"{""1"": 1085448, ""2"": 161751, ""3"": 24365, ""4+"": 4296}","{""1"": 1084833, ""2"": 162126, ""3"": 24319, ""4+"": 4295}"
0.3,9,2274255446,10000000,20.0,1,0.0499999999999999,0.3,0.15,0.15,0.35,0.35,0.15,0.15,0.15,1.0,1.0,36.426191,"{""1"": 1082773, ""2"": 162731, ""3"": 24608, ""4+"": 4284}","{""1"": 1083589, ""2"": 162394, ""3"": 24527, ""4+"": 4320}"
0.3,10,3671896554,10000000,20.0,2,0.0999999999999999,0.3,0.15,0.15,0.35,0.35,0.15,0.15,0.15,1.0,1.0,36.719604,"{""1"": 1083756, ""2"": 163001, ""3"": 24187, ""4+"": 4230}","{""1"": 1084548, ""2"": 162316, ""3"": 24296, ""4+"": 4295}"
0.3,11,380910939,10000000,20.0,0,0.0,0.3,0.15,0.15,0.35,0.35,0.15,0.15,0.15,1.0,1.0,34.48163,"{""1"": 1082951, ""2"": 162685, ""3"": 24489, ""4+"": 4353}","{""1"": 1083503, ""2"": 162275, ""3"": 24583, ""4+"": 4348}"
0.3,12,2699668783,10000000,20.0,2,0.0999999999999999,0.3,0.15,0.15,0.35,0.35,0.15,0.15,0.15,1.0,1.0,36.906714,"{""1"": 1084342, ""2"": 162404, ""3"": 24235, ""4+"": 4341}","{""1"": 1082771, ""2"": 162940, ""3"": 24425, ""4+"": 4318}"
0.3,13,3587854578,10000000,20.0,2,0.0999999999999999,0.3,0.15,0.15,0.35,0.35,0.15,0.15,0.15,1.0,1.0,36.75629,"{""1"": 1083304, ""2"": 162773, ""3"": 24351, ""4+"": 4333}","{""1"": 1084535, ""2"": 162019, ""3"": 24481, ""4+"": 4304}"
0.3,14,2507053958,10000000,20.0,0,0.0,0.3,0.15,0.15,0.35,0.35,0.15,0.15,0.15,1.0,1.0,36.224755,"{""1"": 1084789, ""2"": 162131, ""3"": 24329, ""4+"": 4296}","{""1"": 1084022, ""2"": 162827, ""3"": 24048, ""4+"": 4356}"
0.3,15,2946584887,10000000,20.0,2,0.0999999999999999,0.3,0.15,0.15,0.35,0.35,0.15,0.15,0.15,1.0,1.0,36.382076,"{""1"": 1082910, ""2"": 162951, ""3"": 24264, ""4+"": 4394}","{""1"": 1082911, ""2"": 162895, ""3"": 24379, ""4+"": 4340}"
0.3,16,3503812602,10000000,20.0,5,0.25,0.3,0.15,0.15,0.35,0.35,0.15,0.15,0.15,1.0,1.0,36.015562,"{""1"": 1083023, ""2"": 162494, ""3"": 24590, ""4+"": 4360}","{""1"": 1084789, ""2"": 162012, ""3"": 24385, ""4+"": 4318}"
0.3,17,1748241870,10000000,20.0,3,0.15,0.3,0.15,0.15,0.35,0.35,0.15,0.15,0.15,1.0,1.0,36.174712,"{""1"": 1083174, ""2"": 162693, ""3"": 24321, ""4+"": 4416}","{""1"": 1083829, ""2"": 162562, ""3"": 24307, ""4+"": 4349}"
0.3,18,378624657,10000000,20.0,6,0.3,0.3,0.15,0.15,0.35,0.35,0.15,0.15,0.15,1.0,1.0,37.00253,"{""1"": 1084027, ""2"": 162250, ""3"": 24449, ""4+"": 4338}","{""1"": 1084057, ""2"": 162541, ""3"": 24354, ""4+"": 4274}"
0.3,19,1781742291,10000000,20.0,3,0.15,0.3,0.15,0.15,0.35,0.35,0.15,0.15,0.15,1.0,1.0,35.967275,"{""1"": 1083369, ""2"": 162569, ""3"": 24525, ""4+"": 4280}","{""1"": 1084019, ""2"": 162584, ""3"": 24254, ""4+"": 4320}"
0.3,20,2559608726,10000000,20.0,1,0.0499999999999999,0.3,0.15,0.15,0.35,0.35,0.15,0.15,0.15,1.0,1.0,36.268415,"{""1"": 1083821, ""2"": 162776, ""3"": 24118, ""4+"": 4375}","{""1"": 1081188, ""2"": 163123, ""3"": 24778, ""4+"": 4355}"
0.3,21,2951521642,10000000,20.0,4,0.1999999999999999,0.3,0.15,0.15,0.35,0.35,0.15,0.15,0.15,1.0,1.0,36.378165,"{""1"": 1083263, ""2"": 162767, ""3"": 24597, ""4+"": 4176}","{""1"": 1085137, ""2"": 162014, ""3"": 24416, ""4+"": 4204}"
0.3,22,2613340525,10000000,20.0,2,0.0999999999999999,0.3,0.15,0.15,0.35,0.35,0.15,0.15,0.15,1.0,1.0,36.474171,"{""1"": 1084192, ""2"": 162518, ""3"": 24362, ""4+"": 4245}","{""1"": 1083763, ""2"": 162620, ""3"": 24233, ""4+"": 4384}"
0.3,23,1911115998,10000000,20.0,1,0.0499999999999999,0.3,0.15,0.15,0.35,0.35,0.15,0.15,0.15,1.0,1.0,35.9268,"{""1"": 1083458, ""2"": 162941, ""3"": 24269, ""4+"": 4267}","{""1"": 1084524, ""2"": 162439, ""3"": 24323, ""4+"": 4234}"
0.3,24,2646840946,10000000,20.0,5,0.25,0.3,0.15,0.15,0.35,0.35,0.15,0.15,0.15,1.0,1.0,36.41464,"{""1"": 1083014, ""2"": 162886, ""3"": 24360, ""4+"": 4342}","{""1"": 1083976, ""2"": 162617, ""3"": 24299, ""4+"": 4286}"
0.3,25,738480885,10000000,20.0,3,0.15,0.3,0.15,0.15,0.35,0.35,0.15,0.15,0.15,1.0,1.0,36.698005,"{""1"": 1082946, ""2"": 162721, ""3"": 24354, ""4+"": 4436}","{""1"": 1084703, ""2"": 162321, ""3"": 24325, ""4+"": 4237}"
0.3,26,3952647561,10000000,20.0,3,0.15,0.3,0.15,0.15,0.35,0.35,0.15,0.15,0.15,1.0,1.0,33.989637,"{""1"": 1083450, ""2"": 162490, ""3"": 24513, ""4+"": 4312}","{""1"": 1082999, ""2"": 162888, ""3"": 24457, ""4+"": 4269}"
0.3,27,766504780,10000000,20.0,1,0.0499999999999999,0.3,0.15,0.15,0.35,0.35,0.15,0.15,0.15,1.0,1.0,33.646148,"{""1"": 1083291, ""2"": 162516, ""3"": 24446, ""4+"": 4396}","{""1"": 1083044, ""2"": 162881, ""3"": 24482, ""4+"": 4238}"
0.3,28,1880805821,10000000,20.0,1,0.0499999999999999,0.3,0.15,0.15,0.35,0.35,0.15,0.15,0.15,1.0,1.0,34.153646,"{""1"": 1083147, ""2"": 162632, ""3"": 24433, ""4+"": 4371}","{""1"": 1084746, ""2"": 162118, ""3"": 24423, ""4+"": 4258}"
0.3,29,800005201,10000000,20.0,4,0.1999999999999999,0.3,0.15,0.15,0.35,0.35,0.15,0.15,0.15,1.0,1.0,33.553871,"{""1"": 1083996, ""2"": 162426, ""3"": 24367, ""4+"": 4311}","{""1"": 1083690, ""2"": 162883, ""3"": 24384, ""4+"": 4155}"
0.3,30,825977812,10000000,20.0,2,0.0999999999999999,0.3,0.15,0.15,0.35,0.35,0.15,0.15,0.15,1.0,1.0,36.79658,"{""1"": 1084752, ""2"": 162093, ""3"": 24474, ""4+"": 4225}","{""1"": 1085303, ""2"": 161980, ""3"": 24286, ""4+"": 4292}"
0.4,1,3584320018,10000000,20.0,62,3.1,0.4,0.2,0.2,0.3,0.3,0.2,0.2,0.2,1.0,1.0,46.023774,"{""1"": 1280235, ""2"": 254897, ""3"": 52018, ""4+"": 12689}","{""1"": 1279959, ""2"": 255854, ""3"": 51248, ""4+"": 12831}"
0.4,2,3687416341,10000000,20.0,51,2.5500000000000003,0.4,0.2,0.2,0.3,0.3,0.2,0.2,0.2,1.0,1.0,48.931975,"{""1"": 1280540, ""2"": 255868, ""3"": 50977, ""4+"": 12875}","{""1"": 1280026, ""2"": 256108, ""3"": 51174, ""4+"": 12773}"
0.4,3,3406432624,10000000,20.0,59,2.95,0.4,0.2,0.2,0.3,0.3,0.2,0.2,0.2,1.0,1.0,49.322378,"{""1"": 1280890, ""2"": 256103, ""3"": 51131, ""4+"": 12598}","{""1"": 1279529, ""2"": 256347, ""3"": 51257, ""4+"": 12718}"
0.4,4,2630577114,10000000,20.0,57,2.85,0.4,0.2,0.2,0.3,0.3,0.2,0.2,0.2,1.0,1.0,48.918297,"{""1"": 1279850, ""2"": 256193, ""3"": 51143, ""4+"": 12782}","{""1"": 1279117, ""2"": 256486, ""3"": 51221, ""4+"": 12768}"
0.4,5,2680551477,10000000,20.0,59,2.95,0.4,0.2,0.2,0.3,0.3,0.2,0.2,0.2,1.0,1.0,42.763304,"{""1"": 1280387, ""2"": 255276, ""3"": 51446, ""4+"": 12861}","{""1"": 1278927, ""2"": 256272, ""3"": 51338, ""4+"": 12816}"
0.4,6,4280195761,10000000,20.0,45,2.25,0.4,0.2,0.2,0.3,0.3,0.2,0.2,0.2,1.0,1.0,49.281472,"{""1"": 1279183, ""2"": 256569, ""3"": 51175, ""4+"": 12751}","{""1"": 1280687, ""2"": 256011, ""3"": 51033, ""4+"": 12736}"
0.4,7,2623963916,10000000,20.0,58,2.9000000000000004,0.4,0.2,0.2,0.3,0.3,0.2,0.2,0.2,1.0,1.0,34.311432,"{""1"": 1281913, ""2"": 255705, ""3"": 50754, ""4+"": 12796}","{""1"": 1279672, ""2"": 256399, ""3"": 50916, ""4+"": 12908}"
0.4,8,3613218166,10000000,20.0,51,2.5500000000000003,0.4,0.2,0.2,0.3,0.3,0.2,0.2,0.2,1.0,1.0,49.74649,"{""1"": 1280376, ""2"": 255151, ""3"": 51428, ""4+"": 12949}","{""1"": 1280698, ""2"": 256136, ""3"": 50896, ""4+"": 12788}"
0.4,9,2158989497,10000000,20.0,44,2.2,0.4,0.2,0.2,0.3,0.3,0.2,0.2,0.2,1.0,1.0,48.566336,"{""1"": 1279240, ""2"": 256185, ""3"": 51533, ""4+"": 12689}","{""1"": 1280704, ""2"": 256373, ""3"": 51078, ""4+"": 12544}"
0.4,10,2539921940,10000000,20.0,48,2.4,0.4,0.2,0.2,0.3,0.3,0.2,0.2,0.2,1.0,1.0,38.531262,"{""1"": 1278649, ""2"": 256356, ""3"": 51268, ""4+"": 12890}","{""1"": 1280217, ""2"": 256323, ""3"": 50997, ""4+"": 12768}"
0.4,11,3575115472,10000000,20.0,55,2.75,0.4,0.2,0.2,0.3,0.3,0.2,0.2,0.2,1.0,1.0,45.517724,"{""1"": 1279767, ""2"": 256051, ""3"": 51149, ""4+"": 12865}","{""1"": 1281034, ""2"": 256084, ""3"": 50906, ""4+"": 12745}"
0.4,12,462627090,10000000,20.0,61,3.05,0.4,0.2,0.2,0.3,0.3,0.2,0.2,0.2,1.0,1.0,49.795521,"{""1"": 1279117, ""2"": 256740, ""3"": 51009, ""4+"": 12805}","{""1"": 1279821, ""2"": 256137, ""3"": 51227, ""4+"": 12767}"
0.4,13,2602887701,10000000,20.0,57,2.85,0.4,0.2,0.2,0.3,0.3,0.2,0.2,0.2,1.0,1.0,48.464379,"{""1"": 1279010, ""2"": 256346, ""3"": 51217, ""4+"": 12876}","{""1"": 1279977, ""2"": 256255, ""3"": 50812, ""4+"": 12976}"
0.4,14,227542296,10000000,20.0,41,2.05,0.4,0.2,0.2,0.3,0.3,0.2,0.2,0.2,1.0,1.0,48.502059,"{""1"": 1281381, ""2"": 255582, ""3"": 50951, ""4+"": 12864}","{""1"": 1280350, ""2"": 255682, ""3"": 51318, ""4+"": 12764}"
0.4,15,3761686579,10000000,20.0,51,2.5500000000000003,0.4,0.2,0.2,0.3,0.3,0.2,0.2,0.2,1.0,1.0,49.043645,"{""1"": 1280015, ""2"": 256405, ""3"": 50789, ""4+"": 12857}","{""1"": 1277662, ""2"": 255960, ""3"": 51719, ""4+"": 13023}"
0.4,16,34927471,10000000,20.0,62,3.1,0.4,0.2,0.2,0.3,0.3,0.2,0.2,0.2,1.0,1.0,49.55581,"{""1"": 1279532, ""2"": 256095, ""3"": 51296, ""4+"": 12792}","{""1"": 1280978, ""2"": 255973, ""3"": 51042, ""4+"": 12694}"
0.4,17,2774731377,10000000,20.0,60,3.0,0.4,0.2,0.2,0.3,0.3,0.2,0.2,0.2,1.0,1.0,43.89619,"{""1"": 1280065, ""2"": 255819, ""3"": 51497, ""4+"": 12621}","{""1"": 1280128, ""2"": 255771, ""3"": 51138, ""4+"": 12932}"
0.4,18,1294794804,10000000,20.0,53,2.65,0.4,0.2,0.2,0.3,0.3,0.2,0.2,0.2,1.0,1.0,35.939855,"{""1"": 1280378, ""2"": 255844, ""3"": 51012, ""4+"": 12931}","{""1"": 1280357, ""2"": 256343, ""3"": 50874, ""4+"": 12792}"
0.4,19,3687183631,10000000,20.0,60,3.0,0.4,0.2,0.2,0.3,0.3,0.2,0.2,0.2,1.0,1.0,47.869172,"{""1"": 1280283, ""2"": 256087, ""3"": 50953, ""4+"": 12866}","{""1"": 1280768, ""2"": 256034, ""3"": 51008, ""4+"": 12712}"
0.4,20,637068114,10000000,20.0,49,2.45,0.4,0.2,0.2,0.3,0.3,0.2,0.2,0.2,1.0,1.0,49.525213,"{""1"": 1280571, ""2"": 255775, ""3"": 51182, ""4+"": 12746}","{""1"": 1279538, ""2"": 256075, ""3"": 51313, ""4+"": 12797}"
0.4,21,510274812,10000000,20.0,52,2.6,0.4,0.2,0.2,0.3,0.3,0.2,0.2,0.2,1.0,1.0,49.72498,"{""1"": 1279922, ""2"": 256066, ""3"": 51283, ""4+"": 12711}","{""1"": 1280094, ""2"": 255946, ""3"": 51321, ""4+"": 12715}"
0.4,22,2582686032,10000000,20.0,63,3.15,0.4,0.2,0.2,0.3,0.3,0.2,0.2,0.2,1.0,1.0,50.006753,"{""1"": 1278809, ""2"": 256422, ""3"": 51370, ""4+"": 12765}","{""1"": 1280954, ""2"": 255292, ""3"": 51377, ""4+"": 12793}"
0.4,23,1349096083,10000000,20.0,55,2.75,0.4,0.2,0.2,0.3,0.3,0.2,0.2,0.2,1.0,1.0,49.557311,"{""1"": 1280562, ""2"": 255479, ""3"": 51161, ""4+"": 12939}","{""1"": 1278841, ""2"": 256808, ""3"": 50842, ""4+"": 12936}"
0.4,24,2735756718,10000000,20.0,64,3.2,0.4,0.2,0.2,0.3,0.3,0.2,0.2,0.2,1.0,1.0,50.541545,"{""1"": 1280134, ""2"": 255344, ""3"": 51581, ""4+"": 12788}","{""1"": 1278194, ""2"": 256638, ""3"": 51551, ""4+"": 12688}"
0.4,25,1408304408,10000000,20.0,57,2.85,0.4,0.2,0.2,0.3,0.3,0.2,0.2,0.2,1.0,1.0,43.789437,"{""1"": 1278801, ""2"": 256348, ""3"": 51337, ""4+"": 12807}","{""1"": 1279634, ""2"": 255820, ""3"": 51489, ""4+"": 12763}"
0.4,26,768781228,10000000,20.0,58,2.9000000000000004,0.4,0.2,0.2,0.3,0.3,0.2,0.2,0.2,1.0,1.0,46.200177,"{""1"": 1278932, ""2"": 256730, ""3"": 51037, ""4+"": 12815}","{""1"": 1281582, ""2"": 255450, ""3"": 51109, ""4+"": 12752}"
0.4,27,404892207,10000000,20.0,63,3.15,0.4,0.2,0.2,0.3,0.3,0.2,0.2,0.2,1.0,1.0,48.444634,"{""1"": 1279723, ""2"": 256090, ""3"": 51197, ""4+"": 12813}","{""1"": 1279946, ""2"": 256362, ""3"": 50910, ""4+"": 12837}"
0.4,28,533696434,10000000,20.0,45,2.25,0.4,0.2,0.2,0.3,0.3,0.2,0.2,0.2,1.0,1.0,47.015932,"{""1"": 1281493, ""2"": 255699, ""3"": 51064, ""4+"": 12689}","{""1"": 1278623, ""2"": 256234, ""3"": 51369, ""4+"": 12893}"
0.4,29,684739252,10000000,20.0,64,3.2,0.4,0.2,0.2,0.3,0.3,0.2,0.2,0.2,1.0,1.0,48.818198,"{""1"": 1280540, ""2"": 255747, ""3"": 51063, ""4+"": 12858}","{""1"": 1280073, ""2"": 255827, ""3"": 51230, ""4+"": 12839}"
0.4,30,3974243063,10000000,20.0,61,3.05,0.4,0.2,0.2,0.3,0.3,0.2,0.2,0.2,1.0,1.0,47.821924,"{""1"": 1280476, ""2"": 255732, ""3"": 51323, ""4+"": 12740}","{""1"": 1280243, ""2"": 256044, ""3"": 51032, ""4+"": 12818}"
0.5,1,923668245,10000000,20.0,590,29.5,0.5,0.25,0.25,0.25,0.25,0.25,0.25,0.25,1.0,1.0,215.783256,"{""1"": 1406592, ""2"": 351149, ""3"": 88026, ""4+"": 29311}","{""1"": 1404545, ""2"": 351994, ""3"": 88209, ""4+"": 29296}"
0.5,2,4273862185,10000000,20.0,579,28.95,0.5,0.25,0.25,0.25,0.25,0.25,0.25,0.25,1.0,1.0,217.19886,"{""1"": 1406244, ""2"": 351504, ""3"": 87760, ""4+"": 29416}","{""1"": 1407515, ""2"": 351797, ""3"": 87374, ""4+"": 29205}"
0.5,3,1003107948,10000000,20.0,605,30.25,0.5,0.25,0.25,0.25,0.25,0.25,0.25,0.25,1.0,1.0,197.353925,"{""1"": 1406587, ""2"": 351249, ""3"": 87659, ""4+"": 29537}","{""1"": 1406758, ""2"": 351098, ""3"": 87644, ""4+"": 29558}"
0.5,4,4248459054,10000000,20.0,572,28.6,0.5,0.25,0.25,0.25,0.25,0.25,0.25,0.25,1.0,1.0,219.424219,"{""1"": 1406952, ""2"": 351048, ""3"": 88135, ""4+"": 29234}","{""1"": 1407522, ""2"": 351627, ""3"": 87584, ""4+"": 29181}"
0.5,5,1678182833,10000000,20.0,576,28.8,0.5,0.25,0.25,0.25,0.25,0.25,0.25,0.25,1.0,1.0,165.287591,"{""1"": 1405421, ""2"": 351414, ""3"": 88026, ""4+"": 29464}","{""1"": 1406439, ""2"": 351574, ""3"": 87795, ""4+"": 29353}"
0.5,6,1560640436,10000000,20.0,550,27.5,0.5,0.25,0.25,0.25,0.25,0.25,0.25,0.25,1.0,1.0,213.50518,"{""1"": 1405426, ""2"": 351144, ""3"": 88248, ""4+"": 29403}","{""1"": 1407946, ""2"": 350384, ""3"": 87771, ""4+"": 29554}"
0.5,7,2653031368,10000000,20.0,600,30.0,0.5,0.25,0.25,0.25,0.25,0.25,0.25,0.25,1.0,1.0,158.349292,"{""1"": 1407538, ""2"": 351112, ""3"": 88005, ""4+"": 29134}","{""1"": 1405667, ""2"": 350940, ""3"": 88225, ""4+"": 29489}"
0.5,8,698732025,10000000,20.0,575,28.75,0.5,0.25,0.25,0.25,0.25,0.25,0.25,0.25,1.0,1.0,158.034497,"{""1"": 1407061, ""2"": 352164, ""3"": 87424, ""4+"": 29138}","{""1"": 1406874, ""2"": 351290, ""3"": 88014, ""4+"": 29177}"
0.5,9,285213773,10000000,20.0,571,28.55,0.5,0.25,0.25,0.25,0.25,0.25,0.25,0.25,1.0,1.0,188.740135,"{""1"": 1405956, ""2"": 350892, ""3"": 88260, ""4+"": 29425}","{""1"": 1405775, ""2"": 351605, ""3"": 88255, ""4+"": 29137}"
0.5,10,3787868560,10000000,20.0,579,28.95,0.5,0.25,0.25,0.25,0.25,0.25,0.25,0.25,1.0,1.0,221.964424,"{""1"": 1404796, ""2"": 351616, ""3"": 88132, ""4+"": 29423}","{""1"": 1405644, ""2"": 351538, ""3"": 88409, ""4+"": 29114}"
0.5,11,1344673764,10000000,20.0,572,28.6,0.5,0.25,0.25,0.25,0.25,0.25,0.25,0.25,1.0,1.0,215.737426,"{""1"": 1407530, ""2"": 351018, ""3"": 87414, ""4+"": 29541}","{""1"": 1406614, ""2"": 352031, ""3"": 87700, ""4+"": 29139}"
0.5,12,337199061,10000000,20.0,643,32.150000000000006,0.5,0.25,0.25,0.25,0.25,0.25,0.25,0.25,1.0,1.0,222.935816,"{""1"": 1405534, ""2"": 351542, ""3"": 88222, ""4+"": 29230}","{""1"": 1406718, ""2"": 351315, ""3"": 87925, ""4+"": 29294}"
0.5,13,1251092760,10000000,20.0,589,29.45,0.5,0.25,0.25,0.25,0.25,0.25,0.25,0.25,1.0,1.0,208.661039,"{""1"": 1406824, ""2"": 351261, ""3"": 87779, ""4+"": 29414}","{""1"": 1407509, ""2"": 351567, ""3"": 87668, ""4+"": 29231}"
0.5,14,3238892524,10000000,20.0,590,29.5,0.5,0.25,0.25,0.25,0.25,0.25,0.25,0.25,1.0,1.0,222.640458,"{""1"": 1405561, ""2"": 351580, ""3"": 87706, ""4+"": 29598}","{""1"": 1405838, ""2"": 351069, ""3"": 88032, ""4+"": 29487}"
0.5,15,2225941295,10000000,20.0,588,29.4,0.5,0.25,0.25,0.25,0.25,0.25,0.25,0.25,1.0,1.0,221.772106,"{""1"": 1406334, ""2"": 351296, ""3"": 88282, ""4+"": 29140}","{""1"": 1405951, ""2"": 351947, ""3"": 87626, ""4+"": 29386}"
0.5,16,3739378289,10000000,20.0,571,28.55,0.5,0.25,0.25,0.25,0.25,0.25,0.25,0.25,1.0,1.0,179.758726,"{""1"": 1407455, ""2"": 350369, ""3"": 88154, ""4+"": 29416}","{""1"": 1405477, ""2"": 352367, ""3"": 87664, ""4+"": 29243}"
0.5,17,137665972,10000000,20.0,597,29.85,0.5,0.25,0.25,0.25,0.25,0.25,0.25,0.25,1.0,1.0,205.85748,"{""1"": 1405774, ""2"": 351538, ""3"": 87810, ""4+"": 29507}","{""1"": 1405498, ""2"": 352180, ""3"": 87586, ""4+"": 29423}"
0.5,18,3351832648,10000000,20.0,597,29.85,0.5,0.25,0.25,0.25,0.25,0.25,0.25,0.25,1.0,1.0,184.490029,"{""1"": 1405286, ""2"": 352246, ""3"": 87691, ""4+"": 29310}","{""1"": 1407196, ""2"": 351325, ""3"": 87642, ""4+"": 29333}"
0.5,19,2007923339,10000000,20.0,604,30.2,0.5,0.25,0.25,0.25,0.25,0.25,0.25,0.25,1.0,1.0,215.528568,"{""1"": 1405757, ""2"": 351341, ""3"": 88060, ""4+"": 29443}","{""1"": 1405795, ""2"": 352122, ""3"": 87580, ""4+"": 29298}"
0.5,20,3032136398,10000000,20.0,531,26.55,0.5,0.25,0.25,0.25,0.25,0.25,0.25,0.25,1.0,1.0,215.547739,"{""1"": 1406276, ""2"": 351568, ""3"": 88056, ""4+"": 29204}","{""1"": 1406939, ""2"": 351314, ""3"": 87910, ""4+"": 29270}"
0.5,21,3319206480,10000000,20.0,593,29.65,0.5,0.25,0.25,0.25,0.25,0.25,0.25,0.25,1.0,1.0,147.544588,"{""1"": 1405776, ""2"": 351452, ""3"": 88021, ""4+"": 29349}","{""1"": 1405286, ""2"": 351431, ""3"": 88007, ""4+"": 29514}"
0.5,22,3902142099,10000000,20.0,566,28.3,0.5,0.25,0.25,0.25,0.25,0.25,0.25,0.25,1.0,1.0,201.867757,"{""1"": 1405031, ""2"": 352412, ""3"": 87644, ""4+"": 29350}","{""1"": 1406874, ""2"": 351685, ""3"": 87367, ""4+"": 29468}"
0.5,23,1925932647,10000000,20.0,574,28.7,0.5,0.25,0.25,0.25,0.25,0.25,0.25,0.25,1.0,1.0,221.960739,"{""1"": 1405190, ""2"": 351548, ""3"": 88132, ""4+"": 29376}","{""1"": 1404445, ""2"": 352282, ""3"": 88002, ""4+"": 29341}"
0.5,24,828369962,10000000,20.0,571,28.55,0.5,0.25,0.25,0.25,0.25,0.25,0.25,0.25,1.0,1.0,216.176495,"{""1"": 1405828, ""2"": 350911, ""3"": 87985, ""4+"": 29646}","{""1"": 1405937, ""2"": 351421, ""3"": 88227, ""4+"": 29184}"
0.5,25,3869515931,10000000,20.0,590,29.5,0.5,0.25,0.25,0.25,0.25,0.25,0.25,0.25,1.0,1.0,185.796418,"{""1"": 1406630, ""2"": 350989, ""3"": 88111, ""4+"": 29310}","{""1"": 1407638, ""2"": 351034, ""3"": 87890, ""4+"": 29229}"
0.5,26,2788715311,10000000,20.0,585,29.25,0.5,0.25,0.25,0.25,0.25,0.25,0.25,0.25,1.0,1.0,222.349262,"{""1"": 1403452, ""2"": 352321, ""3"": 88224, ""4+"": 29376}","{""1"": 1405277, ""2"": 350876, ""3"": 88355, ""4+"": 29564}"
0.5,27,3112450354,10000000,20.0,604,30.2,0.5,0.25,0.25,0.25,0.25,0.25,0.25,0.25,1.0,1.0,157.991601,"{""1"": 1405194, ""2"": 351444, ""3"": 88336, ""4+"": 29336}","{""1"": 1405949, ""2"": 351230, ""3"": 88298, ""4+"": 29240}"
0.5,28,3763563846,10000000,20.0,575,28.75,0.5,0.25,0.25,0.25,0.25,0.25,0.25,0.25,1.0,1.0,222.009202,"{""1"": 1407564, ""2"": 351619, ""3"": 87581, ""4+"": 29148}","{""1"": 1405754, ""2"": 351033, ""3"": 88116, ""4+"": 29516}"
0.5,29,1945291767,10000000,20.0,564,28.2,0.5,0.25,0.25,0.25,0.25,0.25,0.25,0.25,1.0,1.0,213.966658,"{""1"": 1405609, ""2"": 351874, ""3"": 87818, ""4+"": 29377}","{""1"": 1406187, ""2"": 351193, ""3"": 88206, ""4+"": 29304}"
0.5,30,112597323,10000000,20.0,555,27.75,0.5,0.25,0.25,0.25,0.25,0.25,0.25,0.25,1.0,1.0,207.556034,"{""1"": 1407159, ""2"": 351441, ""3"": 87956, ""4+"": 29151}","{""1"": 1406934, ""2"": 350339, ""3"": 88365, ""4+"": 29422}"
0.6,1,1207108699,10000000,20.0,3332,166.60000000000002,0.6,0.3,0.3,0.2,0.2,0.3,0.3,0.3,1.0,1.0,966.116555,"{""1"": 1469177, ""2"": 442153, ""3"": 131892, ""4+"": 56651}","{""1"": 1471594, ""2"": 441233, ""3"": 131886, ""4+"": 56524}"
0.6,2,3032509854,10000000,20.0,3467,173.35000000000002,0.6,0.3,0.3,0.2,0.2,0.3,0.3,0.3,1.0,1.0,972.415905,"{""1"": 1468932, ""2"": 442173, ""3"": 132208, ""4+"": 56511}","{""1"": 1468569, ""2"": 441704, ""3"": 132484, ""4+"": 56581}"
0.6,3,140660192,10000000,20.0,3372,168.6,0.6,0.3,0.3,0.2,0.2,0.3,0.3,0.3,1.0,1.0,599.4646,"{""1"": 1471785, ""2"": 441177, ""3"": 131725, ""4+"": 56563}","{""1"": 1469838, ""2"": 440559, ""3"": 132772, ""4+"": 56674}"
0.6,4,4233473635,10000000,20.0,3462,173.1,0.6,0.3,0.3,0.2,0.2,0.3,0.3,0.3,1.0,1.0,935.12164,"{""1"": 1470277, ""2"": 441594, ""3"": 131920, ""4+"": 56672}","{""1"": 1471322, ""2"": 441135, ""3"": 132016, ""4+"": 56535}"
0.6,5,894870007,10000000,20.0,3478,173.9,0.6,0.3,0.3,0.2,0.2,0.3,0.3,0.3,1.0,1.0,561.516369,"{""1"": 1469035, ""2"": 441294, ""3"": 132871, ""4+"": 56419}","{""1"": 1469475, ""2"": 441369, ""3"": 132275, ""4+"": 56745}"
0.6,6,4040858810,10000000,20.0,3566,178.29999999999998,0.6,0.3,0.3,0.2,0.2,0.3,0.3,0.3,1.0,1.0,977.493861,"{""1"": 1469563, ""2"": 440715, ""3"": 132527, ""4+"": 56837}","{""1"": 1467974, ""2"": 441273, ""3"": 132216, ""4+"": 57065}"
0.6,7,49395179,10000000,20.0,3440,172.0,0.6,0.3,0.3,0.2,0.2,0.3,0.3,0.3,1.0,1.0,535.385267,"{""1"": 1469338, ""2"": 441462, ""3"": 132093, ""4+"": 56851}","{""1"": 1469917, ""2"": 441249, ""3"": 132332, ""4+"": 56624}"
0.6,8,3068631039,10000000,20.0,3497,174.85,0.6,0.3,0.3,0.2,0.2,0.3,0.3,0.3,1.0,1.0,982.406095,"{""1"": 1469813, ""2"": 440690, ""3"": 132227, ""4+"": 56805}","{""1"": 1469906, ""2"": 441267, ""3"": 132714, ""4+"": 56388}"
0.6,9,1919652546,10000000,20.0,3422,171.10000000000002,0.6,0.3,0.3,0.2,0.2,0.3,0.3,0.3,1.0,1.0,628.204924,"{""1"": 1471443, ""2"": 441366, ""3"": 132188, ""4+"": 56317}","{""1"": 1469648, ""2"": 441036, ""3"": 132320, ""4+"": 56751}"
0.6,10,53762454,10000000,20.0,3393,169.65,0.6,0.3,0.3,0.2,0.2,0.3,0.3,0.3,1.0,1.0,707.670651,"{""1"": 1470086, ""2"": 441063, ""3"": 132567, ""4+"": 56581}","{""1"": 1469641, ""2"": 440505, ""3"": 132500, ""4+"": 56906}"
0.6,11,1057744135,10000000,20.0,3500,175.0,0.6,0.3,0.3,0.2,0.2,0.3,0.3,0.3,1.0,1.0,604.948139,"{""1"": 1469670, ""2"": 439926, ""3"": 132820, ""4+"": 56872}","{""1"": 1469386, ""2"": 441212, ""3"": 132367, ""4+"": 56656}"
0.6,12,3376501979,10000000,20.0,3424,171.2,0.6,0.3,0.3,0.2,0.2,0.3,0.3,0.3,1.0,1.0,622.554066,"{""1"": 1471421, ""2"": 440524, ""3"": 132039, ""4+"": 56775}","{""1"": 1470671, ""2"": 440360, ""3"": 132040, ""4+"": 56981}"
0.6,13,3258959582,10000000,20.0,3453,172.65,0.6,0.3,0.3,0.2,0.2,0.3,0.3,0.3,1.0,1.0,956.633415,"{""1"": 1470334, ""2"": 440651, ""3"": 131746, ""4+"": 57123}","{""1"": 1469358, ""2"": 441367, ""3"": 132479, ""4+"": 56628}"
0.6,14,2784751201,10000000,20.0,3423,171.15,0.6,0.3,0.3,0.2,0.2,0.3,0.3,0.3,1.0,1.0,953.00187,"{""1"": 1469519, ""2"": 441385, ""3"": 132307, ""4+"": 56655}","{""1"": 1471774, ""2"": 440781, ""3"": 132208, ""4+"": 56457}"
0.6,15,2261023907,10000000,20.0,3464,173.20000000000002,0.6,0.3,0.3,0.2,0.2,0.3,0.3,0.3,1.0,1.0,552.452535,"{""1"": 1468597, ""2"": 441690, ""3"": 132377, ""4+"": 56589}","{""1"": 1469319, ""2"": 441737, ""3"": 131595, ""4+"": 56989}"
0.6,16,1112045414,10000000,20.0,3437,171.85,0.6,0.3,0.3,0.2,0.2,0.3,0.3,0.3,1.0,1.0,979.712336,"{""1"": 1469710, ""2"": 441029, ""3"": 132105, ""4+"": 56944}","{""1"": 1470171, ""2"": 440866, ""3"": 132809, ""4+"": 56350}"
0.6,17,3294775994,10000000,20.0,3442,172.10000000000002,0.6,0.3,0.3,0.2,0.2,0.3,0.3,0.3,1.0,1.0,618.012448,"{""1"": 1470709, ""2"": 440718, ""3"": 132588, ""4+"": 56463}","{""1"": 1468867, ""2"": 441428, ""3"": 132412, ""4+"": 56690}"
0.6,18,2145797501,10000000,20.0,3434,171.7,0.6,0.3,0.3,0.2,0.2,0.3,0.3,0.3,1.0,1.0,961.601125,"{""1"": 1471734, ""2"": 440467, ""3"": 131947, ""4+"": 56780}","{""1"": 1471324, ""2"": 440267, ""3"": 132227, ""4+"": 56834}"
0.6,19,2537710417,10000000,20.0,3470,173.5,0.6,0.3,0.3,0.2,0.2,0.3,0.3,0.3,1.0,1.0,956.674772,"{""1"": 1470411, ""2"": 440456, ""3"": 132426, ""4+"": 56779}","{""1"": 1468726, ""2"": 440880, ""3"": 132615, ""4+"": 56767}"
0.6,20,2399936642,10000000,20.0,3432,171.6,0.6,0.3,0.3,0.2,0.2,0.3,0.3,0.3,1.0,1.0,584.415709,"{""1"": 1472510, ""2"": 440536, ""3"": 132037, ""4+"": 56510}","{""1"": 1470228, ""2"": 441067, ""3"": 132343, ""4+"": 56505}"
0.6,21,355549317,10000000,20.0,3546,177.3,0.6,0.3,0.3,0.2,0.2,0.3,0.3,0.3,1.0,1.0,982.359187,"{""1"": 1470568, ""2"": 440618, ""3"": 132450, ""4+"": 56693}","{""1"": 1470559, ""2"": 441142, ""3"": 132443, ""4+"": 56407}"
0.6,22,3680035353,10000000,20.0,3453,172.65,0.6,0.3,0.3,0.2,0.2,0.3,0.3,0.3,1.0,1.0,959.504016,"{""1"": 1470702, ""2"": 441450, ""3"": 132383, ""4+"": 56315}","{""1"": 1471488, ""2"": 440549, ""3"": 132138, ""4+"": 56724}"
0.6,23,3562492956,10000000,20.0,3506,175.3,0.6,0.3,0.3,0.2,0.2,0.3,0.3,0.3,1.0,1.0,980.716091,"{""1"": 1469960, ""2"": 441581, ""3"": 132082, ""4+"": 56604}","{""1"": 1469881, ""2"": 440681, ""3"": 132343, ""4+"": 56901}"
0.6,24,313977310,10000000,20.0,3465,173.25,0.6,0.3,0.3,0.2,0.2,0.3,0.3,0.3,1.0,1.0,984.931001,"{""1"": 1470562, ""2"": 440594, ""3"": 132266, ""4+"": 56813}","{""1"": 1469056, ""2"": 441962, ""3"": 132331, ""4+"": 56545}"
0.6,25,2785196001,10000000,20.0,3503,175.15,0.6,0.3,0.3,0.2,0.2,0.3,0.3,0.3,1.0,1.0,983.922402,"{""1"": 1469258, ""2"": 441044, ""3"": 132582, ""4+"": 56583}","{""1"": 1469658, ""2"": 441152, ""3"": 131937, ""4+"": 56945}"
0.6,26,3478450980,10000000,20.0,3471,173.54999999999998,0.6,0.3,0.3,0.2,0.2,0.3,0.3,0.3,1.0,1.0,972.728986,"{""1"": 1470610, ""2"": 440457, ""3"": 132141, ""4+"": 56870}","{""1"": 1471014, ""2"": 441786, ""3"": 131965, ""4+"": 56447}"
0.6,27,3429086456,10000000,20.0,3370,168.5,0.6,0.3,0.3,0.2,0.2,0.3,0.3,0.3,1.0,1.0,663.836901,"{""1"": 1469670, ""2"": 440773, ""3"": 132356, ""4+"": 56888}","{""1"": 1470244, ""2"": 440633, ""3"": 132313, ""4+"": 56766}"
0.6,28,3842909481,10000000,20.0,3459,172.95,0.6,0.3,0.3,0.2,0.2,0.3,0.3,0.3,1.0,1.0,946.014182,"{""1"": 1469066, ""2"": 441258, ""3"": 132534, ""4+"": 56678}","{""1"": 1471030, ""2"": 440609, ""3"": 132713, ""4+"": 56411}"
0.6,29,1620353405,10000000,20.0,3499,174.95,0.6,0.3,0.3,0.2,0.2,0.3,0.3,0.3,1.0,1.0,834.71174,"{""1"": 1470807, ""2"": 440324, ""3"": 132363, ""4+"": 56741}","{""1"": 1472383, ""2"": 440164, ""3"": 132347, ""4+"": 56548}"
0.6,30,614889920,10000000,20.0,3423,171.15,0.6,0.3,0.3,0.2,0.2,0.3,0.3,0.3,1.0,1.0,564.328552,"{""1"": 1469883, ""2"": 441210, ""3"": 132528, ""4+"": 56451}","{""1"": 1469822, ""2"": 441310, ""3"": 132359, ""4+"": 56569}"
0.7,1,990167383,10000000,20.0,13954,697.7,0.7,0.35,0.35,0.15,0.15,0.35,0.35,0.35,1.0,1.0,3027.825872,"{""1"": 1479612, ""2"": 518225, ""3"": 181039, ""4+"": 97034}","{""1"": 1479865, ""2"": 517975, ""3"": 181078, ""4+"": 97101}"
0.7,2,203636466,10000000,20.0,13486,674.3,0.7,0.35,0.35,0.15,0.15,0.35,0.35,0.35,1.0,1.0,2603.244245,"{""1"": 1479413, ""2"": 518043, ""3"": 180468, ""4+"": 97595}","{""1"": 1478660, ""2"": 517282, ""3"": 181127, ""4+"": 97614}"
0.7,3,2224326812,10000000,20.0,13679,683.95,0.7,0.35,0.35,0.15,0.15,0.35,0.35,0.35,1.0,1.0,3163.865891,"{""1"": 1477947, ""2"": 517417, ""3"": 181528, ""4+"": 97438}","{""1"": 1479125, ""2"": 517043, ""3"": 180777, ""4+"": 97850}"
0.7,4,3857334071,10000000,20.0,13646,682.3000000000001,0.7,0.35,0.35,0.15,0.15,0.35,0.35,0.35,1.0,1.0,2787.403842,"{""1"": 1477775, ""2"": 518250, ""3"": 181149, ""4+"": 97331}","{""1"": 1477594, ""2"": 517700, ""3"": 181457, ""4+"": 97407}"
0.7,5,3283786803,10000000,20.0,13589,679.4499999999999,0.7,0.35,0.35,0.15,0.15,0.35,0.35,0.35,1.0,1.0,3087.87624,"{""1"": 1479460, ""2"": 518314, ""3"": 180514, ""4+"": 97423}","{""1"": 1479474, ""2"": 517133, ""3"": 181064, ""4+"": 97596}"
0.7,6,2050196854,10000000,20.0,13536,676.8,0.7,0.35,0.35,0.15,0.15,0.35,0.35,0.35,1.0,1.0,2724.778084,"{""1"": 1478016, ""2"": 517384, ""3"": 180953, ""4+"": 97996}","{""1"": 1478018, ""2"": 518087, ""3"": 181578, ""4+"": 97179}"
0.7,7,2421878392,10000000,20.0,13551,677.55,0.7,0.35,0.35,0.15,0.15,0.35,0.35,0.35,1.0,1.0,2363.614302,"{""1"": 1480229, ""2"": 516717, ""3"": 181259, ""4+"": 97560}","{""1"": 1479140, ""2"": 517814, ""3"": 181488, ""4+"": 97144}"
0.7,8,377491067,10000000,20.0,13351,667.5500000000001,0.7,0.35,0.35,0.15,0.15,0.35,0.35,0.35,1.0,1.0,2795.628844,"{""1"": 1478040, ""2"": 518407, ""3"": 180968, ""4+"": 97433}","{""1"": 1480761, ""2"": 517338, ""3"": 180747, ""4+"": 97482}"
0.7,9,2354310358,10000000,20.0,13614,680.7,0.7,0.35,0.35,0.15,0.15,0.35,0.35,0.35,1.0,1.0,3174.08978,"{""1"": 1478601, ""2"": 517680, ""3"": 181953, ""4+"": 96926}","{""1"": 1480090, ""2"": 517459, ""3"": 180638, ""4+"": 97610}"
0.7,10,1205331865,10000000,20.0,13309,665.45,0.7,0.35,0.35,0.15,0.15,0.35,0.35,0.35,1.0,1.0,2847.979688,"{""1"": 1478282, ""2"": 517876, ""3"": 181190, ""4+"": 97441}","{""1"": 1480707, ""2"": 517361, ""3"": 180748, ""4+"": 97508}"
0.7,11,2950388052,10000000,20.0,13507,675.35,0.7,0.35,0.35,0.15,0.15,0.35,0.35,0.35,1.0,1.0,3222.276248,"{""1"": 1477111, ""2"": 518491, ""3"": 181198, ""4+"": 97459}","{""1"": 1477839, ""2"": 517744, ""3"": 181031, ""4+"": 97819}"
0.7,12,3753962391,10000000,20.0,13387,669.35,0.7,0.35,0.35,0.15,0.15,0.35,0.35,0.35,1.0,1.0,3178.892034,"{""1"": 1478409, ""2"": 518135, ""3"": 180603, ""4+"": 97748}","{""1"": 1478984, ""2"": 516958, ""3"": 181351, ""4+"": 97605}"
0.7,13,3305461914,10000000,20.0,13685,684.25,0.7,0.35,0.35,0.15,0.15,0.35,0.35,0.35,1.0,1.0,2758.543213,"{""1"": 1477453, ""2"": 517287, ""3"": 182089, ""4+"": 97295}","{""1"": 1479557, ""2"": 517109, ""3"": 181135, ""4+"": 97683}"
0.7,14,2434319541,10000000,20.0,13543,677.15,0.7,0.35,0.35,0.15,0.15,0.35,0.35,0.35,1.0,1.0,2785.760105,"{""1"": 1477360, ""2"": 517583, ""3"": 181422, ""4+"": 97691}","{""1"": 1479032, ""2"": 517305, ""3"": 181523, ""4+"": 97318}"
0.7,15,627027935,10000000,20.0,13285,664.25,0.7,0.35,0.35,0.15,0.15,0.35,0.35,0.35,1.0,1.0,3213.095555,"{""1"": 1480145, ""2"": 517265, ""3"": 180403, ""4+"": 97909}","{""1"": 1478023, ""2"": 517311, ""3"": 181193, ""4+"": 97833}"
0.7,16,551955507,10000000,20.0,13478,673.9,0.7,0.35,0.35,0.15,0.15,0.35,0.35,0.35,1.0,1.0,3192.089581,"{""1"": 1478305, ""2"": 518185, ""3"": 180525, ""4+"": 97834}","{""1"": 1480678, ""2"": 517498, ""3"": 180741, ""4+"": 97348}"
0.7,17,1245210486,10000000,20.0,13561,678.0500000000001,0.7,0.35,0.35,0.15,0.15,0.35,0.35,0.35,1.0,1.0,2722.725686,"{""1"": 1477962, ""2"": 516969, ""3"": 181010, ""4+"": 98117}","{""1"": 1478206, ""2"": 517835, ""3"": 181531, ""4+"": 97343}"
0.7,18,316870713,10000000,20.0,13486,674.3,0.7,0.35,0.35,0.15,0.15,0.35,0.35,0.35,1.0,1.0,2845.915768,"{""1"": 1478866, ""2"": 518164, ""3"": 181018, ""4+"": 97233}","{""1"": 1478348, ""2"": 517080, ""3"": 181424, ""4+"": 97715}"
0.7,19,798871611,10000000,20.0,13466,673.3000000000001,0.7,0.35,0.35,0.15,0.15,0.35,0.35,0.35,1.0,1.0,3043.619898,"{""1"": 1478708, ""2"": 517985, ""3"": 181184, ""4+"": 97271}","{""1"": 1480194, ""2"": 518216, ""3"": 180532, ""4+"": 97311}"
0.7,20,3613902334,10000000,20.0,13752,687.6,0.7,0.35,0.35,0.15,0.15,0.35,0.35,0.35,1.0,1.0,3223.279865,"{""1"": 1476864, ""2"": 517139, ""3"": 181903, ""4+"": 97682}","{""1"": 1477704, ""2"": 516772, ""3"": 181525, ""4+"": 97856}"
0.7,21,2533101714,10000000,20.0,13714,685.7,0.7,0.35,0.35,0.15,0.15,0.35,0.35,0.35,1.0,1.0,2808.858187,"{""1"": 1478054, ""2"": 517191, ""3"": 181550, ""4+"": 97597}","{""1"": 1477901, ""2"": 517384, ""3"": 181695, ""4+"": 97363}"
0.7,22,1299511765,10000000,20.0,13560,678.0,0.7,0.35,0.35,0.15,0.15,0.35,0.35,0.35,1.0,1.0,3105.783775,"{""1"": 1478825, ""2"": 517759, ""3"": 181140, ""4+"": 97466}","{""1"": 1479014, ""2"": 516828, ""3"": 181604, ""4+"": 97544}"
0.7,23,1570124848,10000000,20.0,13552,677.6,0.7,0.35,0.35,0.15,0.15,0.35,0.35,0.35,1.0,1.0,3220.0884,"{""1"": 1478369, ""2"": 518106, ""3"": 181151, ""4+"": 97289}","{""1"": 1479941, ""2"": 516747, ""3"": 181470, ""4+"": 97460}"
0.7,24,3590815194,10000000,20.0,13435,671.75,0.7,0.35,0.35,0.15,0.15,0.35,0.35,0.35,1.0,1.0,2731.824003,"{""1"": 1479154, ""2"": 518329, ""3"": 180632, ""4+"": 97526}","{""1"": 1477101, ""2"": 517689, ""3"": 180896, ""4+"": 98051}"
0.7,25,209741597,10000000,20.0,13461,673.0500000000001,0.7,0.35,0.35,0.15,0.15,0.35,0.35,0.35,1.0,1.0,2778.176714,"{""1"": 1479579, ""2"": 517619, ""3"": 181158, ""4+"": 97320}","{""1"": 1479923, ""2"": 518024, ""3"": 180862, ""4+"": 97165}"
0.7,26,1497063345,10000000,20.0,13604,680.2,0.7,0.35,0.35,0.15,0.15,0.35,0.35,0.35,1.0,1.0,3017.038473,"{""1"": 1478717, ""2"": 517602, ""3"": 181351, ""4+"": 97461}","{""1"": 1478206, ""2"": 517561, ""3"": 181612, ""4+"": 97386}"
0.7,27,1489840308,10000000,20.0,13654,682.6999999999999,0.7,0.35,0.35,0.15,0.15,0.35,0.35,0.35,1.0,1.0,2489.229821,"{""1"": 1479864, ""2"": 516512, ""3"": 181773, ""4+"": 97487}","{""1"": 1478458, ""2"": 517481, ""3"": 181325, ""4+"": 97527}"
0.7,28,3983297590,10000000,20.0,13530,676.5,0.7,0.35,0.35,0.15,0.15,0.35,0.35,0.35,1.0,1.0,3223.129721,"{""1"": 1477650, ""2"": 517268, ""3"": 181107, ""4+"": 97791}","{""1"": 1477632, ""2"": 517890, ""3"": 181424, ""4+"": 97421}"
0.7,29,2970346361,10000000,20.0,13600,680.0,0.7,0.35,0.35,0.15,0.15,0.35,0.35,0.35,1.0,1.0,2620.328039,"{""1"": 1480609, ""2"": 516876, ""3"": 181178, ""4+"": 97428}","{""1"": 1478302, ""2"": 517047, ""3"": 181151, ""4+"": 97830}"
0.7,30,2463357716,10000000,20.0,13582,679.1,0.7,0.35,0.35,0.15,0.15,0.35,0.35,0.35,1.0,1.0,2782.589631,"{""1"": 1477995, ""2"": 517367, ""3"": 181712, ""4+"": 97386}","{""1"": 1478415, ""2"": 517259, ""3"": 180700, ""4+"": 98007}"
0.8,1,3271298554,10000000,20.0,38541,1927.05,0.8,0.4,0.4,0.1,0.1,0.4,0.4,0.4,1.0,1.0,8011.390776,"{""1"": 1441242, ""2"": 574484, ""3"": 230768, ""4+"": 153631}","{""1"": 1438981, ""2"": 576750, ""3"": 230986, ""4+"": 153134}"
0.8,2,2017477227,10000000,20.0,38801,1940.05,0.8,0.4,0.4,0.1,0.1,0.4,0.4,0.4,1.0,1.0,8262.683773,"{""1"": 1441542, ""2"": 574882, ""3"": 230974, ""4+"": 153301}","{""1"": 1441385, ""2"": 576108, ""3"": 229990, ""4+"": 153520}"
0.8,3,2299070783,10000000,20.0,38726,1936.3,0.8,0.4,0.4,0.1,0.1,0.4,0.4,0.4,1.0,1.0,8988.670404,"{""1"": 1441547, ""2"": 575516, ""3"": 230650, ""4+"": 153379}","{""1"": 1440266, ""2"": 575623, ""3"": 230988, ""4+"": 153286}"
0.8,4,4218692674,10000000,20.0,38749,1937.45,0.8,0.4,0.4,0.1,0.1,0.4,0.4,0.4,1.0,1.0,9892.123335,"{""1"": 1441170, ""2"": 574876, ""3"": 230498, ""4+"": 153671}","{""1"": 1440015, ""2"": 575582, ""3"": 230283, ""4+"": 153862}"
0.8,5,3400672261,10000000,20.0,38612,1930.6,0.8,0.4,0.4,0.1,0.1,0.4,0.4,0.4,1.0,1.0,9987.794408,"{""1"": 1442246, ""2"": 574827, ""3"": 230544, ""4+"": 153598}","{""1"": 1442155, ""2"": 575803, ""3"": 230207, ""4+"": 153334}"
0.8,6,1378523527,10000000,20.0,38748,1937.4,0.8,0.4,0.4,0.1,0.1,0.4,0.4,0.4,1.0,1.0,8265.142149,"{""1"": 1439668, ""2"": 575995, ""3"": 230569, ""4+"": 153535}","{""1"": 1439033, ""2"": 575554, ""3"": 230632, ""4+"": 153956}"
0.8,7,1455911946,10000000,20.0,38776,1938.8,0.8,0.4,0.4,0.1,0.1,0.4,0.4,0.4,1.0,1.0,7989.687366,"{""1"": 1436748, ""2"": 575943, ""3"": 230502, ""4+"": 154296}","{""1"": 1439048, ""2"": 575827, ""3"": 230856, ""4+"": 153640}"
0.8,8,3774669790,10000000,20.0,38637,1931.85,0.8,0.4,0.4,0.1,0.1,0.4,0.4,0.4,1.0,1.0,8354.0095,"{""1"": 1438833, ""2"": 576756, ""3"": 230955, ""4+"": 153185}","{""1"": 1438249, ""2"": 575166, ""3"": 230870, ""4+"": 154051}"
0.8,9,257568929,10000000,20.0,38391,1919.55,0.8,0.4,0.4,0.1,0.1,0.4,0.4,0.4,1.0,1.0,10095.390663,"{""1"": 1439717, ""2"": 575675, ""3"": 230851, ""4+"": 153516}","{""1"": 1439822, ""2"": 576321, ""3"": 229851, ""4+"": 153845}"
0.8,10,3672142947,10000000,20.0,38443,1922.15,0.8,0.4,0.4,0.1,0.1,0.4,0.4,0.4,1.0,1.0,9903.983516,"{""1"": 1441524, ""2"": 575481, ""3"": 230447, ""4+"": 153521}","{""1"": 1440553, ""2"": 575543, ""3"": 230645, ""4+"": 153736}"
0.8,11,2523164454,10000000,20.0,38725,1936.25,0.8,0.4,0.4,0.1,0.1,0.4,0.4,0.4,1.0,1.0,8266.218856,"{""1"": 1441546, ""2"": 575336, ""3"": 229787, ""4+"": 154022}","{""1"": 1440599, ""2"": 575351, ""3"": 230945, ""4+"": 153395}"
0.8,12,478777129,10000000,20.0,38654,1932.7,0.8,0.4,0.4,0.1,0.1,0.4,0.4,0.4,1.0,1.0,10025.472795,"{""1"": 1440888, ""2"": 575767, ""3"": 230060, ""4+"": 153759}","{""1"": 1440709, ""2"": 575899, ""3"": 230722, ""4+"": 153465}"
0.8,13,1519752253,10000000,20.0,38552,1927.6,0.8,0.4,0.4,0.1,0.1,0.4,0.4,0.4,1.0,1.0,8574.316358,"{""1"": 1441427, ""2"": 575204, ""3"": 230263, ""4+"": 153692}","{""1"": 1440293, ""2"": 575489, ""3"": 230706, ""4+"": 153460}"
0.8,14,4191378286,10000000,20.0,38574,1928.7,0.8,0.4,0.4,0.1,0.1,0.4,0.4,0.4,1.0,1.0,10116.54914,"{""1"": 1439814, ""2"": 576539, ""3"": 230690, ""4+"": 153280}","{""1"": 1439007, ""2"": 576465, ""3"": 230893, ""4+"": 153420}"
0.8,15,2299780290,10000000,20.0,38593,1929.65,0.8,0.4,0.4,0.1,0.1,0.4,0.4,0.4,1.0,1.0,10062.654803,"{""1"": 1440527, ""2"": 575440, ""3"": 230299, ""4+"": 153903}","{""1"": 1440494, ""2"": 575303, ""3"": 230787, ""4+"": 153523}"
0.8,16,1150801797,10000000,20.0,38493,1924.65,0.8,0.4,0.4,0.1,0.1,0.4,0.4,0.4,1.0,1.0,7721.07137,"{""1"": 1440859, ""2"": 575254, ""3"": 230840, ""4+"": 153435}","{""1"": 1439079, ""2"": 577549, ""3"": 230540, ""4+"": 153105}"
0.8,17,2934396424,10000000,20.0,38838,1941.9,0.8,0.4,0.4,0.1,0.1,0.4,0.4,0.4,1.0,1.0,10093.314222,"{""1"": 1439342, ""2"": 575695, ""3"": 230200, ""4+"": 154006}","{""1"": 1439058, ""2"": 575402, ""3"": 230725, ""4+"": 153714}"
0.8,18,2294873244,10000000,20.0,38507,1925.35,0.8,0.4,0.4,0.1,0.1,0.4,0.4,0.4,1.0,1.0,9425.217666,"{""1"": 1439312, ""2"": 576856, ""3"": 230666, ""4+"": 153432}","{""1"": 1440912, ""2"": 575814, ""3"": 229944, ""4+"": 153789}"
0.8,19,3162827661,10000000,20.0,38528,1926.4,0.8,0.4,0.4,0.1,0.1,0.4,0.4,0.4,1.0,1.0,7890.006243,"{""1"": 1441954, ""2"": 576904, ""3"": 229608, ""4+"": 153296}","{""1"": 1443797, ""2"": 575963, ""3"": 230181, ""4+"": 152998}"
0.8,20,1602187745,10000000,20.0,38708,1935.4,0.8,0.4,0.4,0.1,0.1,0.4,0.4,0.4,1.0,1.0,10016.682402,"{""1"": 1440738, ""2"": 576944, ""3"": 230112, ""4+"": 153198}","{""1"": 1439760, ""2"": 575766, ""3"": 231001, ""4+"": 153281}"
0.8,21,3716740452,10000000,20.0,38761,1938.05,0.8,0.4,0.4,0.1,0.1,0.4,0.4,0.4,1.0,1.0,10095.901082,"{""1"": 1439849, ""2"": 575485, ""3"": 231139, ""4+"": 153377}","{""1"": 1439002, ""2"": 575119, ""3"": 230946, ""4+"": 153869}"
0.8,22,3862306744,10000000,20.0,38647,1932.35,0.8,0.4,0.4,0.1,0.1,0.4,0.4,0.4,1.0,1.0,8282.15198,"{""1"": 1439046, ""2"": 576308, ""3"": 229628, ""4+"": 154104}","{""1"": 1437840, ""2"": 576499, ""3"": 230550, ""4+"": 153610}"
0.8,23,1908007401,10000000,20.0,38603,1930.15,0.8,0.4,0.4,0.1,0.1,0.4,0.4,0.4,1.0,1.0,8608.118724,"{""1"": 1440266, ""2"": 575118, ""3"": 229820, ""4+"": 154338}","{""1"": 1440259, ""2"": 575791, ""3"": 230293, ""4+"": 153810}"
0.8,24,3691602028,10000000,20.0,38844,1942.2,0.8,0.4,0.4,0.1,0.1,0.4,0.4,0.4,1.0,1.0,8090.0714,"{""1"": 1438293, ""2"": 576184, ""3"": 230406, ""4+"": 153719}","{""1"": 1439340, ""2"": 574884, ""3"": 231221, ""4+"": 153739}"
0.8,25,683956480,10000000,20.0,38704,1935.2,0.8,0.4,0.4,0.1,0.1,0.4,0.4,0.4,1.0,1.0,10097.921446,"{""1"": 1438843, ""2"": 576414, ""3"": 229692, ""4+"": 153984}","{""1"": 1439440, ""2"": 575085, ""3"": 230678, ""4+"": 154035}"
0.8,26,2824217091,10000000,20.0,38807,1940.35,0.8,0.4,0.4,0.1,0.1,0.4,0.4,0.4,1.0,1.0,8199.251747,"{""1"": 1439246, ""2"": 576027, ""3"": 230866, ""4+"": 153491}","{""1"": 1439002, ""2"": 576647, ""3"": 230411, ""4+"": 153552}"
0.8,27,3170190725,10000000,20.0,38670,1933.5,0.8,0.4,0.4,0.1,0.1,0.4,0.4,0.4,1.0,1.0,10025.101734,"{""1"": 1440202, ""2"": 575080, ""3"": 230483, ""4+"": 153967}","{""1"": 1439953, ""2"": 576511, ""3"": 230288, ""4+"": 153480}"
0.8,28,1015484040,10000000,20.0,38552,1927.6,0.8,0.4,0.4,0.1,0.1,0.4,0.4,0.4,1.0,1.0,8283.764608,"{""1"": 1440206, ""2"": 576804, ""3"": 230032, ""4+"": 153308}","{""1"": 1439248, ""2"": 575525, ""3"": 230605, ""4+"": 153795}"
0.8,29,3308533980,10000000,20.0,38586,1929.3,0.8,0.4,0.4,0.1,0.1,0.4,0.4,0.4,1.0,1.0,9759.058828,"{""1"": 1440787, ""2"": 574697, ""3"": 230453, ""4+"": 154003}","{""1"": 1439894, ""2"": 576703, ""3"": 230814, ""4+"": 153018}"
0.8,30,45267487,10000000,20.0,38258,1912.9,0.8,0.4,0.4,0.1,0.1,0.4,0.4,0.4,1.0,1.0,8328.881345,"{""1"": 1437158, ""2"": 577027, ""3"": 229829, ""4+"": 154179}","{""1"": 1439354, ""2"": 576750, ""3"": 230568, ""4+"": 153276}"
0.9,1,3047705957,10000000,20.0,85210,4260.5,0.9,0.45,0.45,0.05,0.05,0.45,0.45,0.45,1.0,1.0,21831.667713,"{""1"": 1359097, ""2"": 613219, ""3"": 275738, ""4+"": 225471}","{""1"": 1359486, ""2"": 613244, ""3"": 275458, ""4+"": 225668}"
0.9,2,4194867687,10000000,20.0,85001,4250.05,0.9,0.45,0.45,0.05,0.05,0.45,0.45,0.45,1.0,1.0,22041.080379,"{""1"": 1363111, ""2"": 613226, ""3"": 275910, ""4+"": 224678}","{""1"": 1361934, ""2"": 613447, ""3"": 275407, ""4+"": 225184}"
0.9,3,3856686570,10000000,20.0,85276,4263.8,0.9,0.45,0.45,0.05,0.05,0.45,0.45,0.45,1.0,1.0,21767.197696,"{""1"": 1360362, ""2"": 610383, ""3"": 275784, ""4+"": 226607}","{""1"": 1361848, ""2"": 611619, ""3"": 276241, ""4+"": 225546}"
0.9,4,3628824813,10000000,20.0,85184,4259.200000000001,0.9,0.45,0.45,0.05,0.05,0.45,0.45,0.45,1.0,1.0,21903.201469,"{""1"": 1360818, ""2"": 612286, ""3"": 276645, ""4+"": 224927}","{""1"": 1360467, ""2"": 612556, ""3"": 275103, ""4+"": 226143}"
0.9,5,1516588097,10000000,20.0,85095,4254.75,0.9,0.45,0.45,0.05,0.05,0.45,0.45,0.45,1.0,1.0,21841.618397,"{""1"": 1362060, ""2"": 612196, ""3"": 276436, ""4+"": 224946}","{""1"": 1361982, ""2"": 612288, ""3"": 275985, ""4+"": 225321}"
0.9,6,593724850,10000000,20.0,85543,4277.150000000001,0.9,0.45,0.45,0.05,0.05,0.45,0.45,0.45,1.0,1.0,21808.125722,"{""1"": 1360514, ""2"": 611450, ""3"": 275958, ""4+"": 225894}","{""1"": 1362796, ""2"": 612179, ""3"": 275149, ""4+"": 225500}"
0.9,7,3217732870,10000000,20.0,85101,4255.05,0.9,0.45,0.45,0.05,0.05,0.45,0.45,0.45,1.0,1.0,22097.476615,"{""1"": 1360644, ""2"": 611240, ""3"": 276518, ""4+"": 225654}","{""1"": 1361040, ""2"": 612275, ""3"": 275143, ""4+"": 225894}"
0.9,8,3995599305,10000000,20.0,84811,4240.55,0.9,0.45,0.45,0.05,0.05,0.45,0.45,0.45,1.0,1.0,21790.626362,"{""1"": 1360530, ""2"": 613271, ""3"": 275531, ""4+"": 225333}","{""1"": 1360007, ""2"": 612840, ""3"": 275813, ""4+"": 225633}"
0.9,9,2846620812,10000000,20.0,84565,4228.25,0.9,0.45,0.45,0.05,0.05,0.45,0.45,0.45,1.0,1.0,21743.044937,"{""1"": 1361479, ""2"": 613756, ""3"": 274810, ""4+"": 225649}","{""1"": 1361883, ""2"": 613415, ""3"": 275439, ""4+"": 225285}"
0.9,10,1155430158,10000000,20.0,85056,4252.8,0.9,0.45,0.45,0.05,0.05,0.45,0.45,0.45,1.0,1.0,21932.333217,"{""1"": 1361313, ""2"": 611695, ""3"": 275193, ""4+"": 225897}","{""1"": 1359270, ""2"": 612843, ""3"": 275954, ""4+"": 225772}"
0.9,11,1933296593,10000000,20.0,84951,4247.55,0.9,0.45,0.45,0.05,0.05,0.45,0.45,0.45,1.0,1.0,21932.351311,"{""1"": 1361094, ""2"": 612211, ""3"": 276052, ""4+"": 225362}","{""1"": 1360701, ""2"": 612811, ""3"": 275977, ""4+"": 225443}"
0.9,12,962815333,10000000,20.0,84797,4239.849999999999,0.9,0.45,0.45,0.05,0.05,0.45,0.45,0.45,1.0,1.0,21716.086286,"{""1"": 1361671, ""2"": 612554, ""3"": 276026, ""4+"": 225386}","{""1"": 1362097, ""2"": 612514, ""3"": 275154, ""4+"": 225969}"
0.9,13,3103075944,10000000,20.0,85044,4252.2,0.9,0.45,0.45,0.05,0.05,0.45,0.45,0.45,1.0,1.0,22132.375857,"{""1"": 1362739, ""2"": 613450, ""3"": 275700, ""4+"": 224948}","{""1"": 1363279, ""2"": 611843, ""3"": 276936, ""4+"": 224695}"
0.9,14,406157098,10000000,20.0,85025,4251.25,0.9,0.45,0.45,0.05,0.05,0.45,0.45,0.45,1.0,1.0,21388.718837,"{""1"": 1360660, ""2"": 613699, ""3"": 275931, ""4+"": 225146}","{""1"": 1361816, ""2"": 612066, ""3"": 275263, ""4+"": 226019}"
0.9,15,483545517,10000000,20.0,85030,4251.5,0.9,0.45,0.45,0.05,0.05,0.45,0.45,0.45,1.0,1.0,22149.503456,"{""1"": 1360082, ""2"": 612784, ""3"": 275633, ""4+"": 225531}","{""1"": 1359859, ""2"": 614530, ""3"": 276156, ""4+"": 224736}"
0.9,16,2513486768,10000000,20.0,85073,4253.650000000001,0.9,0.45,0.45,0.05,0.05,0.45,0.45,0.45,1.0,1.0,21818.776751,"{""1"": 1359135, ""2"": 612810, ""3"": 276066, ""4+"": 225808}","{""1"": 1360276, ""2"": 612986, ""3"": 275140, ""4+"": 226002}"
0.9,17,3359531076,10000000,20.0,84957,4247.85,0.9,0.45,0.45,0.05,0.05,0.45,0.45,0.45,1.0,1.0,22108.176175,"{""1"": 1359739, ""2"": 612019, ""3"": 276053, ""4+"": 225870}","{""1"": 1361102, ""2"": 612222, ""3"": 275616, ""4+"": 225696}"
0.9,18,2642579118,10000000,20.0,85086,4254.3,0.9,0.45,0.45,0.05,0.05,0.45,0.45,0.45,1.0,1.0,22030.123343,"{""1"": 1361392, ""2"": 613523, ""3"": 276010, ""4+"": 224865}","{""1"": 1362500, ""2"": 612283, ""3"": 276255, ""4+"": 225066}"
0.9,19,850320009,10000000,20.0,85162,4258.099999999999,0.9,0.45,0.45,0.05,0.05,0.45,0.45,0.45,1.0,1.0,21888.991926,"{""1"": 1361148, ""2"": 612373, ""3"": 275704, ""4+"": 225600}","{""1"": 1360649, ""2"": 612051, ""3"": 275261, ""4+"": 226295}"
0.9,20,2633914636,10000000,20.0,84935,4246.75,0.9,0.45,0.45,0.05,0.05,0.45,0.45,0.45,1.0,1.0,21704.110032,"{""1"": 1360763, ""2"": 612110, ""3"": 275778, ""4+"": 225819}","{""1"": 1360936, ""2"": 613336, ""3"": 275423, ""4+"": 225138}"
0.9,21,3810917024,10000000,20.0,85020,4251.0,0.9,0.45,0.45,0.05,0.05,0.45,0.45,0.45,1.0,1.0,21656.73201,"{""1"": 1359844, ""2"": 612893, ""3"": 276036, ""4+"": 225426}","{""1"": 1359245, ""2"": 613108, ""3"": 275470, ""4+"": 225753}"
0.9,22,1630502435,10000000,20.0,85439,4271.95,0.9,0.45,0.45,0.05,0.05,0.45,0.45,0.45,1.0,1.0,21821.000077,"{""1"": 1361127, ""2"": 611464, ""3"": 275424, ""4+"": 226180}","{""1"": 1360490, ""2"": 611904, ""3"": 275823, ""4+"": 225847}"
0.9,23,3982150861,10000000,20.0,85673,4283.65,0.9,0.45,0.45,0.05,0.05,0.45,0.45,0.45,1.0,1.0,22149.867799,"{""1"": 1360579, ""2"": 612347, ""3"": 275654, ""4+"": 225965}","{""1"": 1361239, ""2"": 611713, ""3"": 275312, ""4+"": 225920}"
0.9,24,2215599656,10000000,20.0,85351,4267.55,0.9,0.45,0.45,0.05,0.05,0.45,0.45,0.45,1.0,1.0,21593.149995,"{""1"": 1361704, ""2"": 610953, ""3"": 275831, ""4+"": 225896}","{""1"": 1360942, ""2"": 612501, ""3"": 275260, ""4+"": 225940}"
0.9,25,735663083,10000000,20.0,85215,4260.75,0.9,0.45,0.45,0.05,0.05,0.45,0.45,0.45,1.0,1.0,22098.210868,"{""1"": 1359792, ""2"": 611607, ""3"": 275581, ""4+"": 226203}","{""1"": 1360334, ""2"": 612572, ""3"": 275252, ""4+"": 225999}"
0.9,26,2217915647,10000000,20.0,85061,4253.05,0.9,0.45,0.45,0.05,0.05,0.45,0.45,0.45,1.0,1.0,21621.89063,"{""1"": 1362120, ""2"": 611226, ""3"": 275757, ""4+"": 225632}","{""1"": 1361239, ""2"": 612601, ""3"": 275435, ""4+"": 225653}"
0.9,27,2190461232,10000000,20.0,85386,4269.3,0.9,0.45,0.45,0.05,0.05,0.45,0.45,0.45,1.0,1.0,22153.06221,"{""1"": 1359714, ""2"": 612456, ""3"": 276130, ""4+"": 225528}","{""1"": 1361281, ""2"": 611677, ""3"": 275890, ""4+"": 225939}"
0.9,28,1026755308,10000000,20.0,85081,4254.049999999999,0.9,0.45,0.45,0.05,0.05,0.45,0.45,0.45,1.0,1.0,22156.034244,"{""1"": 1361208, ""2"": 611679, ""3"": 275668, ""4+"": 225809}","{""1"": 1361301, ""2"": 613233, ""3"": 276660, ""4+"": 224621}"
0.9,29,291640199,10000000,20.0,85403,4270.150000000001,0.9,0.45,0.45,0.05,0.05,0.45,0.45,0.45,1.0,1.0,21470.958927,"{""1"": 1362093, ""2"": 612538, ""3"": 274928, ""4+"": 225649}","{""1"": 1361741, ""2"": 611706, ""3"": 274813, ""4+"": 226399}"
0.9,30,3691463370,10000000,20.0,84726,4236.3,0.9,0.45,0.45,0.05,0.05,0.45,0.45,0.45,1.0,1.0,21581.728221,"{""1"": 1359243, ""2"": 612934, ""3"": 275514, ""4+"": 225670}","{""1"": 1359787, ""2"": 612872, ""3"": 274816, ""4+"": 226339}"
