organism_name_asm_name	species_taxid	group	genome_size	gc_percent	Genomic_density	robust_z_score	robust_z_score_normalized	filter_category	bin
Halarchaeum_sp_CBA1220_ASM372117v2	1853682	Archaea	3175875	68.0	72.73586019600897	-15.944244576051805	0.2863554113458756	Archaea	
Halobacterium_litoreum_ASM2123341v1	2039234	Archaea	2709004	68.5	60.3542851911625	-17.177841140934714	0.2672115729698608	Archaea	
Halobacterium_salinarum_ASM479960v1	2242	Archaea	2429680	66.5	75.52434888544994	-13.338333400507612	0.3267958144622737	Archaea	
Halobacterium_sp_BOL4_2_ASM1691783v3	2810537	Archaea	2447374	66.5	76.4084279721857	-13.310159210928422	0.3272330417917211	Archaea	
Halobacterium_sp_GSL_19_ASM1691785v1	2812551	Archaea	2326224	66.5	79.7429654237941	-13.2038928279504	0.3288821599219487	Archaea	
Halobacterium_wangiae_ASM2124934v1	2902623	Archaea	3112195	67.5	66.83385841825464	-15.293316488288848	0.2964569813901512	Archaea	
Halobacterium_zhouii_ASM2124940v1	2902624	Archaea	2828879	66.0	52.494291908561664	-13.233249144226695	0.3284265875005372	Archaea	
Halobaculum_limi_ASM2949001v1	3031916	Archaea	3478749	65.5	47.574573503290985	-12.55101722995434	0.339013952830165	Archaea	
Halobaculum_magnesiiphilum_ASM1982310v1	1017351	Archaea	3732450	68.0	98.0589157255958	-15.137239115602608	0.2988791022697939	Archaea	
Halobaculum_rubrum_ASM1988022v1	2872158	Archaea	3058052	68.5	83.2229144566541	-16.44905435959257	0.278521410196843	Archaea	
Halobaculum_salinum_ASM1340287v1	2743089	Archaea	4258755	68.5	188.4353525854387	-13.096101509818904	0.3305549430922251	Archaea	
Haloglomus_litoreum_ASM2933851v1	3034026	Archaea	4695480	69.0	173.89063524921838	-14.398633996682634	0.3103413075181064	Archaea	
Halomicrobium_salinisoli_ASM2040518v1	2878391	Archaea	3846467	69.0	93.33240087592068	-16.965896602038963	0.2705006806998944	Archaea	
Halomicrobium_urmianum_ASM2021742v1	1586233	Archaea	4254704	67.5	79.08893309616838	-14.90276676778061	0.3025178127348924	Archaea	
Halomicrococcus_gelatinilyticus_ASM2422799v1	1702103	Archaea	3721977	68.0	61.526441458396974	-16.301470905348832	0.2808117163434755	Archaea	
Halorarius_litoreus_ASM2436240v1	2962676	Archaea	4167635	66.5	76.7821558269858	-13.29824909483806	0.3274178715358726	Archaea	
Halorubrum_ezzemoulense_ASM412651v1	337243	Archaea	3726301	66.5	79.43534352163176	-13.21369621924523	0.3287300238477835	Archaea	
Halorubrum_sp_2020YC2_ASM1862305v1	2836432	Archaea	3063515	68.5	121.75556509434423	-15.221080146583551	0.297577996874344	Archaea	
Halorubrum_sp_PV6_ASM399072v2	634157	Archaea	3044466	66.5	67.33528966984686	-13.599305667399124	0.3227458592011973	Archaea	
Halosimplex_litoreum_ASM1606505v1	1198301	Archaea	4158049	68.5	104.25562565520512	-15.778775328813056	0.2889232820870204	Archaea	
Salarchaeum_japonicum_ASM2061439v1	555573	Archaea	2339281	67.5	82.93146483898258	-14.780311393281153	0.3044181632744665	Archaea	
Salarchaeum_sp_JOR_1_ASM783327v1	2599399	Archaea	2523371	66.0	68.55908227525798	-12.72128987473846	0.3363715395125556	Archaea	
Salinilacihabitans_rarus_ASM2429666v1	2961596	Archaea	3622565	68.5	95.65045761773771	-16.053008326760963	0.2846675372677382	Archaea	
Salinirubellus_salinus_ASM2523148v1	1364945	Archaea	4376714	68.5	135.14705324588266	-14.7943147538308	0.3042008490578782	Archaea	
Aminobacter_sp_MSH1_ASM307166v1	374606	Bacteria	5763649	63.0	39.47152229429655	-8.614171136434756	0.400108760866322	Bacteria	6.0
Aminobacter_sp_NyZ550_ASM2562892v2	2979870	Bacteria	6279233	63.5	34.319478191046585	-9.61737406346105	0.3845403366018144	Bacteria	4.0
Antiquaquibacter_oligotrophicus_ASM2053540v1	2880260	Bacteria	2895552	65.5	87.375395088743	-11.282628458971834	0.3586977216739489	Bacteria	1.0
Arthrobacter_crystallopoietes_ASM284971v1	37928	Bacteria	5032705	64.5	95.77354524058136	-9.336961813223231	0.3888919755006443	Bacteria	4.0
Arthrobacter_jiangjiafuii_ASM1862299v1	2817475	Bacteria	3593579	66.0	189.92208046629835	-8.853644434058427	0.3963924420668173	Bacteria	5.0
Arthrobacter_sp_JZ12_ASM3518916v1	2654190	Bacteria	3307057	64.0	105.98547288419886	-8.172508442441666	0.4069628000807725	Bacteria	6.0
Arthrobacter_sp_NicSoilC5_ASM1997739v1	2831000	Bacteria	4691366	66.0	209.00096048784087	-8.245630917077895	0.405828032948681	Bacteria	6.0
Arthrobacter_sp_zg_Y1171_ASM2524484v1	2964610	Bacteria	3421827	66.0	170.0845776247601	-9.485834025854611	0.3865816694748121	Bacteria	4.0
Arthrobacter_sp_zg_Y20_ASM3014207v1	2886938	Bacteria	3526984	66.0	195.0675137738079	-8.689667648066209	0.3989371517213479	Bacteria	5.0
Arthrobacter_sulfonylureivorans_ASM2263743v1	2486855	Bacteria	4134248	66.0	112.47511034654912	-11.321756011320083	0.3580905121862385	Bacteria	1.0
Aureimonas_sp_AU20_ASM144275v1	1349819	Bacteria	5210858	66.5	116.48753429857425	-12.03290194024505	0.347054438389784	Bacteria	0.0
Azospirillum_sp_TSA2s_ASM492331v1	709810	Bacteria	8102478	67.0	170.99707027899365	-11.134785340946138	0.3609920574698326	Bacteria	2.0
Bifidobacterium_lemurum_ASM1489817v1	1603886	Bacteria	2965103	62.5	53.79239776830687	-7.318772137578052	0.4202116938449964	Bacteria	8.0
Bordetella_sp_N_ASM143339v1	1746199	Bacteria	6989698	65.0	103.4379453876262	-9.93172508385334	0.3796620114677812	Bacteria	3.0
Bosea_sp_NBC_00550_ASM2602007v1	2969621	Bacteria	6267852	65.5	57.27640027237401	-12.241835488290617	0.343812057380486	Bacteria	0.0
Bradyrhizobium_betae_ASM893211v1	244734	Bacteria	7419402	64.5	40.50191646173101	-11.098380593441634	0.361557012514444	Bacteria	2.0
Bradyrhizobium_oligotrophicum_S58_ASM34480v1	44255	Bacteria	8264165	65.0	40.17344765018608	-11.947863836284007	0.348374120824363	Bacteria	0.0
Bradyrhizobium_sp_BEA_2_5_ASM3291802v1	3080015	Bacteria	8406336	64.0	30.274783211139788	-10.58528754163003	0.369519559375678	Bacteria	2.0
Bradyrhizobium_sp_CCBAU_51765_ASM1529172v1	1325102	Bacteria	8416216	64.0	36.23956419369465	-10.39519947179424	0.3724694827053448	Bacteria	3.0
Bradyrhizobium_sp_ISRA432_ASM2990999v1	2866193	Bacteria	8569449	63.0	36.875182990178246	-8.696912324946016	0.3988247236170376	Bacteria	5.0
Burkholderia_singularis_ASM171887v1	1503053	Bacteria	5705688	64.5	40.83644251140266	-11.08771975078237	0.3617224551353388	Bacteria	2.0
Caballeronia_sp_NK8_ASM1840885v1	140098	Bacteria	9216772	62.5	26.90746825461236	-8.175552034672402	0.4069155674283753	Bacteria	6.0
Caenibius_sp_WL_ASM1980344v1	2872646	Bacteria	3491470	63.0	99.67148507648642	-6.695694201429765	0.4298810652139219	Bacteria	8.0
Candidatus_Viadribacter_manganicus_ASM167966v1	1759059	Bacteria	3732719	61.5	23.977159812994227	-6.590905301546882	0.4315072546992572	Bacteria	9.0
Chromobacterium_paludis_ASM827512v1	2605945	Bacteria	4279774	63.5	57.12918485882666	-8.890465032408624	0.3958210335498106	Bacteria	5.0
Cobetia_sp_D5_ASM3566619v1	3105867	Bacteria	4233985	62.5	55.50326701677025	-7.264249467600413	0.4210578158362487	Bacteria	8.0
Comamonas_sp_PR12_ASM2530945v1	2977320	Bacteria	5111300	63.5	115.43051669829592	-7.032494443256131	0.424654356922027	Bacteria	8.0
Corynebacterium_capitovis_DSM_44611_ASM3044053v1	131081	Bacteria	1979952	64.5	170.45867778612816	-6.956865582129535	0.4258280199616181	Bacteria	8.0
Corynebacterium_freneyi_ASM1904780v1	134034	Bacteria	2881812	69.0	238.3916785689004	-12.343088460919729	0.3422407409563949	Bacteria	0.0
Corynebacterium_mycetoides_IMG_taxon_2634166344_annotated_assembly	38302	Bacteria	2266470	66.5	153.7633412310774	-10.844981343629442	0.3654894442519371	Bacteria	2.0
Corynebacterium_provencense_ASM320939v1	1737425	Bacteria	3111650	67.0	289.0749280928125	-7.371832079533097	0.4193882715188127	Bacteria	7.0
Corynebacterium_suedekumii_ASM3025218v1	3049801	Bacteria	2858263	67.5	262.2221957881413	-9.066601368514458	0.3930876232546274	Bacteria	5.0
Corynebacterium_xerosis_ASM364124v1	1725	Bacteria	2738835	69.5	260.3296657155324	-12.48297524866418	0.3400698772139413	Bacteria	0.0
Croceibacterium_aestuarii_ASM3065733v1	3064139	Bacteria	3347758	66.0	78.5600392859938	-12.402575304557134	0.3413175813493465	Bacteria	0.0
Croceicoccus_marinus_ASM166167v2	450378	Bacteria	4109188	64.5	101.8449387080854	-9.143476156889395	0.3918946250202493	Bacteria	5.0
Croceicoccus_naphthovorans_ASM102870v1	1348774	Bacteria	3863562	62.5	72.73081161891538	-6.715235048284897	0.4295778163037237	Bacteria	8.0
Cystobacter_fuscus_ASM230587v1	43	Bacteria	12349744	68.5	364.7848894681542	-7.476122685000818	0.4177698149244558	Bacteria	7.0
Deinococcus_radiodurans_ASM832978v1	1299	Bacteria	3283189	66.5	301.6883889413616	-6.130845677175529	0.4386467907056105	Bacteria	9.0
Erythrobacter_neustonensis_ASM166317v1	1112	Bacteria	3090363	65.5	121.0213816305722	-10.2103844442209	0.375337575174181	Bacteria	3.0
Frankia_casuarinae_ASM1334v1	106370	Bacteria	5433628	70.0	371.39090125418966	-9.1898937029925	0.3911742841683815	Bacteria	5.0
Gemmata_obscuriglobus_ASM314949v1	114	Bacteria	8998893	67.5	259.142985698352	-9.164730886684373	0.3915647788424112	Bacteria	5.0
Herbaspirillum_seropedicae_ASM104094v1	964	Bacteria	5509723	63.5	83.57951933336757	-8.047535017614791	0.4089022275356552	Bacteria	6.0
Janthinobacterium_sp_J1_1_ASM3094440v1	3065910	Bacteria	6951453	62.5	37.33032504139782	-7.843392183488517	0.4120702628021168	Bacteria	7.0
Kocuria_sp_KD4_ASM1176990v1	2719588	Bacteria	2806716	69.0	341.8585991600148	-9.04576252143358	0.3934110154655134	Bacteria	5.0
Massilia_sp_Se16_2_3_ASM1417159v1	2709303	Bacteria	5351291	65.0	68.39471073428824	-11.04849713497541	0.3623311398861464	Bacteria	2.0
Massilia_violaceinigra_ASM275267v1	2045208	Bacteria	7530059	63.5	49.933207694654186	-9.119789357729662	0.3922622137990023	Bacteria	5.0
Mesorhizobium_jarvisii_ASM1317078v1	1777867	Bacteria	7201057	63.0	27.912568946475496	-8.982536557578065	0.3943922014283104	Bacteria	5.0
Mesorhizobium_sp_AR02_ASM2474683v1	2865837	Bacteria	8909615	62.5	29.40643338685229	-8.09591400044496	0.408151447698501	Bacteria	6.0
Mesorhizobium_sp_B2_1_8_ASM644254v2	2589967	Bacteria	6870590	62.5	29.182355518230604	-8.103054977527703	0.4080406288821954	Bacteria	6.0
Mesorhizobium_sp_M6A_T_Cr_TU_016_01_1_1_ASM395258v1	2493677	Bacteria	6784580	62.0	28.004681203552764	-7.301570113128173	0.4204786472276366	Bacteria	8.0
Mesorhizobium_sp_M7D_F_Ca_US_005_01_1_1_ASM395254v1	2493678	Bacteria	7168230	62.5	26.85460706478447	-8.177236630546012	0.4068894246584849	Bacteria	6.0
Methylocystis_parvus_ASM968519v1	134	Bacteria	4529043	63.5	56.41368386213158	-8.913266909636905	0.3954671776257959	Bacteria	5.0
Microbacterium_endophyticum_ASM1104713v1	1526412	Bacteria	2916114	62.0	46.98033067294352	-6.696846371824089	0.4298631850054012	Bacteria	8.0
Mycobacterium_paraterrae_ASM2243054v2	577492	Bacteria	5522624	65.5	72.51987461033016	-11.756050219671344	0.3513508224294783	Bacteria	1.0
Opitutus_terrae_PB90_1_ASM1996v1	107709	Bacteria	5957605	65.5	65.54647379274054	-11.97828140238886	0.3479020791651369	Bacteria	0.0
Paeniglutamicibacter_sp_ZC_3_ASM2584717v1	2986919	Bacteria	4489199	65.0	170.63177640376378	-7.790364715440437	0.4128931811748654	Bacteria	7.0
Paludisphaera_borealis_ASM195698v1	1387353	Bacteria	7651896	66.5	165.7759070431694	-10.462159998685673	0.371430341108429	Bacteria	3.0
Pandoraea_thiooxydans_ASM101777v3	445709	Bacteria	4464186	63.0	42.22494313632989	-8.526423994781888	0.4014704840954389	Bacteria	6.0
Paracoccus_fistulariae_ASM2855378v1	658446	Bacteria	3723810	63.0	112.3848961144634	-6.290538042633808	0.4361685697691677	Bacteria	9.0
Paracoccus_marcusii_ASM1914154v1	59779	Bacteria	4077279	66.5	222.9428008237847	-8.640342141673448	0.3997026203916402	Bacteria	5.0
Paracoccus_zhejiangensis_ASM284744v1	1077935	Bacteria	4637247	65.5	151.05945402520072	-9.253118933874672	0.3901931095803917	Bacteria	5.0
Pseudarthrobacter_phenanthrenivorans_Sphe3_ASM18953v1	361575	Bacteria	4535320	65.5	180.8031186333048	-8.305235705690373	0.4049030429867139	Bacteria	6.0
Pseudarthrobacter_psychrotolerans_ASM991179v1	2697569	Bacteria	5170670	64.5	141.37432866533737	-7.883737459544733	0.4114441558024356	Bacteria	7.0
Pseudarthrobacter_sp_IC2_21_ASM3404811v1	3092262	Bacteria	4265009	65.5	181.4767565554961	-8.283767935593191	0.4052361952771249	Bacteria	6.0
Pseudomonas_carboxydohydrogena_ASM2903072v1	290	Bacteria	3271440	62.5	34.99987772968478	-7.917659817469482	0.4109177242640126	Bacteria	7.0
Pseudomonas_oleovorans_ASM2981487v1	301	Bacteria	4677167	62.5	58.79627560871784	-7.1593065158370734	0.422686396009419	Bacteria	8.0
Pseudomonas_sp_IsoF_ASM2310136v1	2821559	Bacteria	5929333	62.5	86.35035340400007	-6.2812019696623285	0.4363134536616173	Bacteria	9.0
Pseudomonas_sp_LPB0260_ASM1338839v1	2614442	Bacteria	6371434	65.5	94.6411749694025	-11.051079623222211	0.362291062976878	Bacteria	2.0
Pseudomonas_sp_M1_ASM2276013v1	95619	Bacteria	6984680	67.5	197.57526472222065	-11.126796090600235	0.3611160404004935	Bacteria	2.0
Pseudomonas_sp_MS646_ASM3669384v1	3118751	Bacteria	6237519	62.5	92.66504839504296	-6.07996269798551	0.4394364293585004	Bacteria	9.0
Pseudomonas_sp_Os17_ASM154789v1	1500686	Bacteria	6885464	63.5	139.27892150768636	-6.272483761369871	0.4364487490857701	Bacteria	9.0
Pseudomonas_sp_SCB32_ASM918916v1	2653853	Bacteria	6311241	64.5	88.57212076040196	-9.566459725758351	0.3853304618986491	Bacteria	4.0
Qipengyuania_gelatinilytica_ASM1971131v1	2867231	Bacteria	2832299	62.5	48.19406425663392	-7.497182125196387	0.4174429993910228	Bacteria	7.0
Qipengyuania_sp_HL_TH1_ASM3395604v1	3113984	Bacteria	3325071	64.0	73.83300988159351	-9.19715622618036	0.3910615791122324	Bacteria	5.0
Rhodanobacter_sp_AS_Z3_ASM2922402v1	3031330	Bacteria	4092380	62.5	30.17803820759558	-8.071324178098482	0.4085330502402854	Bacteria	6.0
Rhodococcus_sp_DN22_ASM3666999v1	357684	Bacteria	7435512	62.5	45.65926327601919	-7.577962195664662	0.4161893961814561	Bacteria	7.0
Roseateles_amylovorans_ASM2539815v2	2978473	Bacteria	6289366	67.0	150.25361856823088	-11.79584608438723	0.3507332415899702	Bacteria	1.0
Serpentinimonas_maccroryi_ASM82891v1	1458426	Bacteria	2623236	66.0	231.96540456138908	-7.513790632430365	0.4171852566352425	Bacteria	7.0
Sinorhizobium_meliloti_ASM74729v1	382	Bacteria	6733414	62.0	40.3955556572045	-6.906692662920605	0.4266066393932309	Bacteria	8.0
Sphingobium_indicum_UT26S_ASM9112v1	332055	Bacteria	4424862	65.0	150.06117704913734	-8.445916940958195	0.4027198504364324	Bacteria	6.0
Sphingomonas_flavescens_ASM3086674v1	3132797	Bacteria	2656862	63.5	43.6605288494472	-9.319689646409078	0.3891600174029214	Bacteria	4.0
Sphingomonas_radiodurans_ASM2086684v1	2890321	Bacteria	3678193	65.5	91.21326694928732	-11.160321591249982	0.3605957675785806	Bacteria	2.0
Sphingomonas_sp_HDW15A_ASM1130171v1	2714942	Bacteria	2340126	62.5	43.801060284788086	-7.637180165550409	0.4152704091505899	Bacteria	7.0
Sphingomonas_sp_LM7_ASM200292v1	1938607	Bacteria	4155514	66.0	83.74415294955088	-12.237365848573972	0.3438814204630125	Bacteria	0.0
Sphingomonas_suaedae_ASM783321v1	2599297	Bacteria	4154291	65.5	138.0500306791219	-9.667708523626136	0.3837592102615057	Bacteria	4.0
Sphingopyxis_sp_GC21_ASM2572757v1	2933562	Bacteria	3878994	65.0	69.73457551107323	-11.00579777154689	0.3629937793061192	Bacteria	2.0
Spiribacter_roseus_ASM281363v1	1855875	Bacteria	1930413	66.0	129.7649777534652	-10.77075545726192	0.3666413349205619	Bacteria	2.0
Stenotrophomonas_sp_610A2_ASM3054961v1	3055080	Bacteria	4681496	63.5	105.09461078253618	-7.361883304564563	0.4195426637613487	Bacteria	7.0
Stenotrophomonas_sp_As_7_ASM3029101v1	3051117	Bacteria	4738653	66.0	85.57284105841893	-12.179088474727076	0.3447858106483156	Bacteria	0.0
Streptomyces_aquilus_ASM395571v1	2548456	Bacteria	10393987	71.0	399.0768893592035	-12.284603241321	0.3431483566415035	Bacteria	0.0
Streptomyces_aureoverticillatus_ASM1066916v1	66871	Bacteria	9738430	71.5	475.5900078349385	-11.834760946985732	0.3501293327747076	Bacteria	1.0
Streptomyces_lydicamycinicus_ASM2370210v1	1546107	Bacteria	8223489	71.0	454.6731928503826	-10.512837585991182	0.3706438898744673	Bacteria	3.0
Streptomyces_mirabilis_ASM1831053v1	68239	Bacteria	9621341	70.0	370.4785019052957	-9.218970405863924	0.3907230509888121	Bacteria	5.0
Streptomyces_nodosus_ASM81954v1	40318	Bacteria	7714110	71.0	402.57398455557416	-12.173156361935073	0.3448778694394562	Bacteria	0.0
Streptomyces_sp_LBUM_1482_ASM1793311v1	2609809	Bacteria	9782455	71.5	479.4808665105027	-11.71076546797096	0.3520535837633934	Bacteria	1.0
Streptomyces_sp_M2_ASM410450v1	646637	Bacteria	8718751	70.5	362.723972734168	-11.45460383275326	0.356028884183599	Bacteria	1.0
Streptomyces_sp_NBC_00335_ASM3612709v1	2975714	Bacteria	9002982	71.5	520.8829696649399	-10.391346390151911	0.3725292775964058	Bacteria	3.0
Streptomyces_sp_NBC_01237_ASM3591727v1	2903790	Bacteria	10190356	70.5	399.7897620063519	-10.273376175283408	0.3743600242042652	Bacteria	3.0
Streptomyces_sp_NBC_01243_ASM3598822v1	2903796	Bacteria	10321034	70.5	347.3489187226784	-11.94458231452502	0.3484250458382368	Bacteria	0.0
Streptomyces_sp_RLB1_9_ASM711352v2	2594454	Bacteria	12201201	70.0	367.0540301729313	-9.328102874044516	0.3890294548878671	Bacteria	4.0
Streptomyces_spinosirectus_ASM2144182v1	2906474	Bacteria	8624193	70.5	368.7881289298604	-11.261348839950818	0.3590279541006906	Bacteria	1.0
Sulfitobacter_alexandrii_ASM188673v1	1917485	Bacteria	4691010	64.5	114.15452109460436	-8.751189385109278	0.3979824131754636	Bacteria	5.0
Sutterella_megalosphaeroides_ASM360999v1	2494234	Bacteria	2725161	63.0	113.2043207722406	-6.264424273054474	0.4365738220197385	Bacteria	9.0
Tardiphaga_sp_709_ASM3240105v1	3076039	Bacteria	6359564	61.5	23.19341388812189	-6.615882038225315	0.4311196477427012	Bacteria	9.0
Thermaerobacter_composti_ASM3358203v1	554949	Bacteria	3001239	73.5	759.5196517171742	-10.740411188493646	0.3671122390990227	Bacteria	2.0
Thiobacillus_sp_ASM1369377v1	924	Bacteria	3548924	62.5	61.99062025560424	-7.0575078604712616	0.4242661807305314	Bacteria	8.0
Xanthomonas_euvesicatoria_pv_vesicatoria_str_85_10_ASM916v1	456327	Bacteria	5420152	64.5	66.6032982100871	-10.26657112308109	0.3744656298967664	Bacteria	3.0
Xanthomonas_sp_CPBF_426_ASM90398946v1	2750648	Bacteria	4900648	66.0	83.4583508140148	-12.246473903091852	0.3437400751248575	Bacteria	0.0
Bigelowiella_natans_ASM245v1	227086	Protozoa	372870	28.5	40.72066528518039	1.9112990861751005	0.5634505749644549	Protozoa	
Cryptosporidium_parvum_Iowa_II_ASM16534v1	5807	Protozoa	9102324	30.0	4.394482112480285	0.7531634677811919	0.5454777938079645	Protozoa	
Giardia_intestinalis_UU_WB_2_1	5741	Protozoa	12078186	49.5	57.25197475846125	1.5428623754048578	0.5577329092027595	Protozoa	
Leishmania_major_strain_Friedlin_ASM272v2	5664	Protozoa	32855089	59.5	266.4579602873698	4.019865716304649	0.5961728278641213	Protozoa	
Neospora_caninum_Liverpool_ASM20886v2	29176	Protozoa	57547420	55.0	83.40947343946956	0.1776197467247076	0.5365460925630917	Protozoa	
Phaeodactylum_tricornutum_CCAP_1055_1_ASM15095v2	2850	Protozoa	27450724	49.0	35.15389976599524	0.8807778912505022	0.5474582061785004	Protozoa	
Plasmodium_malariae_PmUG01	5858	Protozoa	33577742	24.5	8.83611260313484	0.8964639355693268	0.5477016334915679	Protozoa	
Plasmodium_relictum_PRELSG	85471	Protozoa	22571969	18.5	1.4375868357740609	0.6621187745605153	0.5440648968028761	Protozoa	
Plasmodium_sp_gorilla_clade_G2_PADLG01	880535	Protozoa	22190694	18.5	0.901278707191402	0.6450274928256966	0.5437996620053056	Protozoa	
Thalassiosira_pseudonana_CCMP1335_ASM14940v2	35128	Protozoa	32437365	47.0	40.3701102108633	1.2155940697806913	0.5526541243497425	Protozoa	
Theileria_orientalis_strain_Shintoku_ASM74089v1	68886	Protozoa	8983596	41.5	17.590854265155105	0.9532611175064694	0.5485830529946458	Protozoa	
Trichomonas_vaginalis_G3_NYU_TvagG3_2	5722	Protozoa	181466644	32.5	4.463630241599663	0.7314657989943852	0.5451410737844045	Protozoa	
Actinidia_eriantha_MaoHua_MHT	165200	Plant	657097116	35.5	59.05250523511395	2.442444730225057	0.571693274930778	Plant	
Ananas_comosus_ASM154086v1	4615	Plant	381896302	38.5	74.66053308664974	2.9111661558081185	0.5789672309956517	Plant	
Arachis_stenosperma_arast_V10309_gnm1_PFL2	217475	Plant	1328990366	37.0	34.04727465119939	1.6312270949210776	0.5591042164491614	Plant	
Argentina_anserina_drPotAnse1_1	57926	Plant	236973942	38.0	43.43093554142759	1.920708902640866	0.5635966032614661	Plant	
Asparagus_officinalis_Aspof_V1	4686	Plant	1187538024	39.0	43.013780584427	1.897854315067058	0.5632419293404138	Plant	
Bathycoccus_prasinos_ASM222023v1	41875	Plant	14958006	48.0	12.969075885346736	0.2580748231762423	0.5377946522818554	Plant	
Brachypodium_distachyon_Brachypodium_distachyon_v3_0	15368	Plant	271163419	46.5	113.1354823193386	3.5766565441148024	0.5892947892891881	Plant	
Brassica_rapa_CAAS_Brap_v3_01	3711	Plant	352829610	37.0	25.51255344547778	1.3592390987875975	0.5548833111820576	Plant	
Cajanus_cajan_C_cajan_V1_1	3821	Plant	590369945	33.0	27.63817544175943	1.4652213749153282	0.5565280203379266	Plant	
Capsicum_annuum_UCD10Xv1_1	4072	Plant	3211819707	35.0	31.887278466418856	1.5815124752762622	0.5583327092396746	Plant	
Cicer_arietinum_ASM33114v1	3827	Plant	530768543	31.0	12.289650468778635	0.9952093744454198	0.5492340362041127	Plant	
Coffea_arabica_Cara_1_0	13443	Plant	1094291418	37.0	37.06804858320512	1.7274943508471778	0.560598160937023	Plant	
Coffea_eugenioides_Ceug_1_0	49369	Plant	699903961	37.0	35.66632193984683	1.682823544011736	0.5599049272409118	Plant	
Cucumis_melo_USDA_Cmelo_AY_1_0	3656	Plant	438252206	36.0	32.523340694729626	1.5922222678090014	0.5584989114998979	Plant	
Cucumis_sativus_Cucumber_9930_V3	3659	Plant	224801081	32.5	28.441460137440465	1.4956010494840022	0.5569994739690526	Plant	
Cyanidioschyzon_merolae_strain_10D_ASM9120v1	45157	Plant	16546747	55.0	13.356099540290304	-2.054869670582763	0.5019007167589249	Plant	
Dioscorea_cayenensis_subsp_rotundata_TDr96_F1_v2_PseudoChromosome_rev07_lg8_w22_25_fasta	29710	Plant	584153202	36.5	39.92325233723067	1.823265383804587	0.5620844046801017	Plant	
Euphorbia_lathyris_ddEupLath1_1	212925	Plant	1020389306	37.0	31.73739651089601	1.5576149622080484	0.5579618504509992	Plant	
Glycine_max_Glycine_max_v4_0	3847	Plant	978386919	34.5	22.10295067675098	1.2744818192309115	0.5535679867824814	Plant	
Gossypium_arboreum_ASM2569848v2	29729	Plant	1620504428	35.0	23.01967541733408	1.2989160918817897	0.5539471753922586	Plant	
Gossypium_hirsutum_Gossypium_hirsutum_v2_1	3635	Plant	2305241538	34.5	26.62516260892177	1.4185975127439256	0.555804477724982	Plant	
Helianthus_annuus_HanXRQr2_0_SUNRISE	4232	Plant	3009595538	38.5	46.87284699728569	2.0256168628930875	0.56522464041121	Plant	
Lactuca_sativa_Lsat_Salinas_v11	4236	Plant	2589853228	38.0	38.63831282402424	1.767975641265366	0.5612263787053594	Plant	
Macadamia_integrifolia_SCU_Mint_v3	60698	Plant	744777467	39.0	94.45494438275324	3.5372022449874145	0.5886825091100475	Plant	
Malania_oleifera_ASM2987363v1	397392	Plant	1494424960	36.0	107.57415347238312	3.983972106183415	0.5956158050169007	Plant	
Malus_sylvestris_drMalSylv7_2	3752	Plant	640969901	38.0	52.44285893523296	2.207904534564111	0.5680535115541361	Plant	
Mangifera_indica_CATAS_Mindica_2_1	29780	Plant	391961648	32.5	35.18456479191046	1.710493065494325	0.5603343227680099	Plant	
Medicago_truncatula_MtrunA17r5_0_ANR	3880	Plant	429612362	33.5	22.20888846552727	1.2874183848491518	0.5537687457083623	Plant	
Mercurialis_annua_ddMerAnnu1_2	3986	Plant	453168992	34.0	18.42579732374981	1.1620770392610205	0.5518236085945936	Plant	
Oryza_brachyantha_ObraRS2	4533	Plant	263195077	41.5	90.92214713160269	3.290212624180864	0.584849546603604	Plant	
Oryza_glaberrima_OglaRS2	4538	Plant	347321046	43.0	104.3937727813643	3.5930939817388614	0.589549877263773	Plant	
Oryza_sativa_Japonica_Group_ASM3414082v1	4530	Plant	385710679	43.5	123.02314902045364	4.144636553666878	0.5981091114210791	Plant	
Ostreococcus_tauri_version_140606	70448	Plant	12916858	59.5	120.54237778165349	-0.630231469383476	0.5240092765948096	Plant	
Papaver_somniferum_ASM357369v1	3469	Plant	2715377404	37.5	17.873672547281636	1.1110198992256035	0.5510312671884934	Plant	
Phoenix_dactylifera_palm_55x_up_171113_PBpolish2nd_filt_p	42345	Plant	772315838	40.5	76.05058673723164	2.900571631304264	0.5788028175475713	Plant	
Prunus_persica_Prunus_persica_NCBIv2	3760	Plant	227411381	37.5	44.8149455182574	1.9695953579874743	0.5643552584219726	Plant	
Quercus_lobata_ValleyOak3_2	97700	Plant	845947251	35.5	45.02763021568114	1.995494302633796	0.5647571768647868	Plant	
Quercus_robur_dhQueRobu3_1	38942	Plant	789187406	35.5	49.80689279204605	2.1478018020889493	0.567120794141316	Plant	
Raphanus_sativus_ASM80110v3	3726	Plant	433430583	36.0	22.65454119065921	1.2777193307195345	0.553618228813339	Plant	
Rhodamnia_argentea_ASM2092103v1	178133	Plant	346714100	40.5	47.57089486698119	1.992969209388388	0.5647179906524136	Plant	
Ricinus_communis_ASM1957865v1	3988	Plant	315619833	33.0	11.770489720777464	0.9595435278305277	0.5486805479547318	Plant	
Sesamum_indicum_S_indicum_v1_0	4182	Plant	274906174	35.0	38.07721629739905	1.7787759400745862	0.5613939855070499	Plant	
Setaria_italica_Setaria_italica_v2_0	4555	Plant	405732883	46.0	119.11250079856548	3.8092805880553393	0.5929048164458341	Plant	
Solanum_stenotomum_ASM1918654v1	172797	Plant	846249028	34.5	32.63628601605294	1.6101624283067142	0.5587773198084041	Plant	
Sorghum_bicolor_Sorghum_bicolor_NCBIv3	4558	Plant	708735318	44.0	66.56636752202421	2.303302898367588	0.5695339719493574	Plant	
Tripterygium_wilfordii_ASM1340144v1	458696	Plant	348533228	37.5	40.77373076176255	1.8408082727380004	0.5623566478428584	Plant	
Vigna_radiata_var_radiata_Vradiata_ver6	157791	Plant	463085359	33.0	21.45855671347932	1.2682867920794272	0.5534718478972906	Plant	
Zingiber_officinale_Zo_v1_1	94328	Plant	3090266393	39.0	32.58317843374998	1.5654476112009132	0.5580834031292767	Plant	
Akanthomyces_muscarius_ASM2800916v1	2231603	Fungi	36207525	53.0	86.16993290759311	1.1505768783610255	0.5516451408298194	Fungi	
Aspergillus_fumigatus_Af293_ASM265v1	746128	Fungi	29384958	50.0	59.86055858919384	1.6396175366453667	0.5592344253560648	Fungi	
Botrytis_cinerea_B05_10_ASM14353v4	40559	Fungi	42630066	42.0	96.29354080756056	3.4192444269293163	0.5868519548848046	Fungi	
Brettanomyces_bruxellensis_ASM1107488v2	5007	Fungi	13150648	40.0	16.044836725916472	1.030429923806345	0.5497806140105643	Fungi	
Brettanomyces_nanus_ASM1107486v2	13502	Fungi	10117252	41.5	20.762044587251538	1.0543219236401111	0.5501513872409038	Fungi	
Candida_albicans_SC5314_ASM18296v3	5476	Fungi	14282666	33.5	15.578324102797056	1.0761128712548258	0.5504895548323773	Fungi	
Candida_orthopsilosis_Co_90_125_ASM31587v1	273371	Fungi	12659401	37.5	5.568983872143714	0.7188890595619709	0.5449458988999687	Fungi	
Coccidioides_posadasii_str_Silveira_ASM1841601v2	199306	Fungi	28193268	46.5	68.4510275348238	2.152634168016474	0.5671957862699616	Fungi	
Cryptococcus_decagattii_ASM3641729v1	1859122	Fungi	17768546	48.0	105.57982628404147	3.209431916344444	0.5835959335029001	Fungi	
Cryptococcus_neoformans_var_neoformans_JEC21_ASM9104v1	5207	Fungi	19051922	48.5	125.23670840138858	3.793719467892784	0.5926633277956368	Fungi	
Debaryomyces_hansenii_CBS767_ASM644v2	4959	Fungi	12152486	36.5	5.458897049962781	0.7249412843807403	0.545039821675894	Fungi	
Encephalitozoon_cuniculi_GB_M1_ASM9122v2	6035	Fungi	2497519	47.5	78.47788144955054	2.387882065396368	0.5708465322706733	Fungi	
Encephalitozoon_hellem_ATCC_50504_ASM27781v3	27973	Fungi	2251784	43.5	22.64870875714545	0.9458630261143413	0.5484682440936374	Fungi	
Encephalitozoon_romaleae_SJ_2008_ASM28003v2	571949	Fungi	2187595	40.5	10.28526761123517	0.8047356650139623	0.5462781282419484	Fungi	
Fulvia_fulva_Cfulv_R5_v5	5499	Fungi	67169167	49.0	45.61616790632524	1.2141937082310008	0.5526323925324381	Fungi	
Fusarium_keratoplasticum_ASM2543354v1	1328300	Fungi	49462855	51.0	98.48804724272388	2.428121219656562	0.5714709923960285	Fungi	
Fusarium_oxysporum_f_sp_lycopersici_4287_ASM14995v2	5507	Fungi	61386934	48.5	44.59418025340703	1.223770547018962	0.5527810128019242	Fungi	
Fusarium_pseudograminearum_CS3096_FP7	101028	Fungi	36863345	48.0	47.66958736312641	1.3639248381735425	0.5549560278546152	Fungi	
Fusarium_verticillioides_7600_ASM14955v1	117187	Fungi	41791161	48.5	49.80294618361505	1.3897656229767028	0.5553570437311696	Fungi	
Huiozyma_naganishii_CBS_8797_ASM34898v1	588726	Fungi	10845821	46.0	50.52637324551088	1.623549931886998	0.5589850767137775	Fungi	
Kwoniella_botswanensis_ASM3642611v1	1268659	Fungi	23007246	45.0	49.57133939455422	1.6774064565486932	0.5598208609830984	Fungi	
Lodderomyces_beijingensis_lodBeiA1	1775926	Fungi	15114296	45.5	63.28445598789384	2.0722756847072006	0.5659487255530241	Fungi	
Malassezia_restricta_ASM329048v1	76775	Fungi	7330907	56.0	33.651635286290606	-1.8505761307587905	0.5050710907847518	Fungi	
Malassezia_vespertilionis_ASM2954292v1	2020962	Fungi	7595203	56.5	37.457853331899095	-1.9505244426650792	0.5035200210237306	Fungi	
Marasmius_oreades_UU_Maror_2	181124	Fungi	44306131	47.0	46.39149758898305	1.4074861145435067	0.555632043059277	Fungi	
Nakaseomyces_glabratus_ASM1011175v1	5478	Fungi	12726212	39.0	45.65380491854136	1.981987674947356	0.564547571305891	Fungi	
Naumovozyma_castellii_ASM23734v1	27288	Fungi	11219539	37.0	7.709764189063383	0.7918925694340738	0.546078819851322	Fungi	
Ogataea_parapolymorpha_DL_1_Hansenula_2	1005962	Fungi	8874589	48.0	13.183709127262118	0.2649148350212816	0.5379008005032262	Fungi	
Puccinia_striiformis_f_sp_tritici_Pst134E36_v1_pri	27350	Fungi	89491239	44.5	78.49930427267859	2.641440593507809	0.5747814358033256	Fungi	
Pyrenophora_tritici_repentis_CUR_PTRM4_2_2	45151	Fungi	40738834	51.0	102.53640262223408	2.5571358772019344	0.5734731346056414	Fungi	
Pyricularia_grisea_PgNI	148305	Fungi	44557582	48.0	79.69462974898413	2.3845119494653386	0.5707942323887437	Fungi	
Pyricularia_pennisetigena_PpBr36	1578925	Fungi	49117040	47.5	81.08184043663869	2.4708660911705813	0.5721343380431896	Fungi	
Saccharomycodes_ludwigii_UHD_SCDLUD_16	36035	Fungi	12500424	31.0	9.479678449307	0.9056600424963314	0.547844345290312	Fungi	
Talaromyces_rugulosus_ASM1336875v1	121627	Fungi	35758560	47.0	45.69535238555468	1.3853010503368064	0.5552877592831829	Fungi	
Trichoderma_atroviride_ASM2064779v1	63577	Fungi	37300646	48.5	60.8702594587772	1.742463260398521	0.5608304592371915	Fungi	
Trichoderma_breve_ASM2850260v1	2034170	Fungi	38609973	49.0	67.05521394692506	1.8974219563864188	0.5632352196875676	Fungi	
Vanrija_pseudolonga_ASM2090651v1	143232	Fungi	24922244	62.0	301.4746886324842	1.4134834619650531	0.5557251142082986	Fungi	
Yamadazyma_tenuis_ASM2920330v1	2315449	Fungi	10831699	43.0	29.378726504962103	1.2024839488167771	0.5524506720672314	Fungi	
Zygosaccharomyces_rouxii_ASM2636v1	4956	Fungi	9764635	39.0	4.7620827609019685	0.6788336266693509	0.54432428989488	Fungi	
Zygotorulaspora_mrakii_ASM1340291v1	42260	Fungi	10412516	40.0	14.258154899063744	0.973491214272776	0.5488969981804951	Fungi	
Anopheles_aquasalis_idAnoAquaMG_Q_19	42839	Invertebrate	176573000	48.0	105.57602701659016	3.2093108482654475	0.5835940546814095	Invertebrate	
Anopheles_darlingi_idAnoDarlMG_H_01	43151	Invertebrate	181637336	48.0	106.4393576334396	3.236823832131813	0.5840210209452379	Invertebrate	
Anopheles_funestus_idAnoFuneDA_416_04	62324	Invertebrate	250698078	41.5	41.44771088578546	1.713541151170482	0.5603816251529238	Invertebrate	
Anopheles_maculipalpis_idAnoMacuDA_375_x	1496333	Invertebrate	224059441	43.0	57.657084650815605	2.1036701768351205	0.5664359278526276	Invertebrate	
Anthonomus_grandis_grandis_icAntGran1_3	7044	Invertebrate	697452952	32.0	14.742213034607676	1.0638081286779624	0.5502986009906954	Invertebrate	
Argiope_bruennichi_qqArgBrue1_1	94029	Invertebrate	1778384155	29.5	7.229034269032835	0.8436554672155983	0.5468821137135238	Invertebrate	
Bombus_pascuorum_iyBomPasc1_1	65598	Invertebrate	307548333	36.0	20.452069886524143	1.2075300880198774	0.5525289816832575	Invertebrate	
Cataglyphis_hispanica_ULB_Chis1_1_0	1086592	Invertebrate	206388925	34.5	40.30739537017308	1.854628453682996	0.5625711193466466	Invertebrate	
Colias_croceus_ilColCroc2_1	72248	Invertebrate	324897031	33.5	20.00787751119831	1.2172757018924307	0.5526802211258454	Invertebrate	
Cydia_amplana_ilCydAmpl1_1	1869771	Invertebrate	504318984	38.0	26.82429261873672	1.3914816410998236	0.5553836741341185	Invertebrate	
Cydia_fagiglandana_ilCydFagi1_1	1458189	Invertebrate	555051570	38.0	33.18970884092806	1.5943373102588183	0.5585317342492233	Invertebrate	
Cydia_pomonella_ilCydPomo1	82600	Invertebrate	642246045	37.5	31.3937316655644	1.5418826449619525	0.557717705041379	Invertebrate	
Daphnia_carinata_CSIRO_AGI_Dcar_HiC_V3	120202	Invertebrate	108144665	40.5	48.85359094695992	2.0338466878450303	0.5653523567515661	Invertebrate	
Daphnia_pulex_ASM2113471v1	6669	Invertebrate	133181052	40.5	42.5236765997816	1.8321224108788603	0.562221854393913	Invertebrate	
Diprion_similis_iyDipSimi1_1	362088	Invertebrate	270225736	39.5	48.89060603761294	2.080359106196413	0.5660741698991903	Invertebrate	
Drosophila_albomicans_ASM965048v2	7291	Invertebrate	167525814	38.0	37.11666788259868	1.719483238773928	0.5604738387403597	Invertebrate	
Drosophila_biarmipes_RU_DBia_V1_1	125945	Invertebrate	193597863	41.5	92.61465866490478	3.3441502858073204	0.5856865900146766	Invertebrate	
Drosophila_nasuta_ASM2355853v2	42062	Invertebrate	171766801	38.0	35.55110745760468	1.6695913033113874	0.559699579816534	Invertebrate	
Drosophila_sechellia_ASM438219v2	7238	Invertebrate	153084571	42.5	78.19860565830635	2.800441701345272	0.5772489293070358	Invertebrate	
Drosophila_simulans_Prin_Dsim_3_1	7240	Invertebrate	131663590	42.5	91.3312480694169	3.2189580843649392	0.5837437674269873	Invertebrate	
Drosophila_willistoni_UCI_dwil_1_1	7260	Invertebrate	246985538	37.5	40.52868876881366	1.8329991744980647	0.5622354606420965	Invertebrate	
Episyrphus_balteatus_idEpiBalt1_1	286459	Invertebrate	535345329	31.0	47.77663802125002	2.126123158741248	0.5667843693681983	Invertebrate	
Gordionus_sp_m_RMFG_2023_tfGorSpeb1_WG_v2	3053472	Invertebrate	287640266	27.0	59.24935419159986	2.5022569184316703	0.5726214834687549	Invertebrate	
Halichondria_panicea_odHalPani1_1	6063	Invertebrate	131456761	41.5	70.5783402041984	2.641887898471431	0.5747883774033367	Invertebrate	
Lytechinus_pictus_Lp3_0	7653	Invertebrate	811721768	36.5	113.94544737649564	4.182234836758265	0.5986925886090084	Invertebrate	
Macrobrachium_nipponense_ASM1510439v2	159736	Invertebrate	4253862858	37.0	78.96828436665537	3.0627881020873367	0.5813202093651251	Invertebrate	
Maniola_jurtina_ilManJurt1_1	191418	Invertebrate	402038846	37.0	18.681030638516955	1.1415293738168504	0.5515047351496882	Invertebrate	
Microplitis_demolitor_iyMicDemo2_1a	69319	Invertebrate	225878136	30.5	14.153649647613523	1.0593923465695063	0.5502300737092531	Invertebrate	
Necator_americanus_Nec_am_Ar_1_0	51031	Invertebrate	234457255	40.0	19.99511595407871	1.1563190235776282	0.5517342515675497	Invertebrate	
Nilaparvata_lugens_ASM1435652v1	108931	Invertebrate	1085539448	34.5	18.881549964613697	1.1718209003711777	0.5519748208365545	Invertebrate	
Octopus_sinensis_ASM634580v1	2607531	Invertebrate	2719136158	36.5	27.246179202238626	1.419267259189884	0.555814871331838	Invertebrate	
Ostrea_edulis_xbOstEdul1_1	37623	Invertebrate	894786893	35.5	71.5282046492829	2.840025418074346	0.5778632178815628	Invertebrate	
Ostrinia_nubilalis_ilOstNubi1_1	29057	Invertebrate	495500553	37.5	28.174539696225125	1.4392921234137486	0.5561256315715438	Invertebrate	
Patella_vulgata_xgPatVulg1_2	6465	Invertebrate	695367781	36.0	53.990853510654674	2.276357713912511	0.5691158172050071	Invertebrate	
Phlebotomus_papatasi_Ppap_2_1	29031	Invertebrate	351607531	34.0	25.210233066379303	1.378286208409804	0.5551788979229078	Invertebrate	
Pieris_rapae_ilPieRapa1_1	64459	Invertebrate	256355036	33.0	12.75889354266703	0.9910423889920646	0.5491693699280341	Invertebrate	
Plutella_xylostella_ilPluXylo3_1	51655	Invertebrate	323302761	38.5	40.93995349455119	1.8365449809580523	0.5622904870159654	Invertebrate	
Rhipicephalus_sanguineus_BIME_Rsan_1_4	34632	Invertebrate	2365502231	47.0	72.99316725945629	2.255238934742702	0.5687880808067106	Invertebrate	
Rhopalosiphum_maidis_ASM367621v3	43146	Invertebrate	326023155	27.5	7.658965204480645	0.8579940515407037	0.5471046301736654	Invertebrate	
Schistocerca_piceifrons_iqSchPice1_1	274613	Invertebrate	8742443784	42.5	67.68112649644664	2.465266365865809	0.5720474374800425	Invertebrate	
Schistosoma_haematobium_UoM_Shae_V3	6185	Invertebrate	400271889	35.0	5.41631840651193	0.7379251427152824	0.5452413145241473	Invertebrate	
Stomoxys_calcitrans_idStoCalc2_1	35570	Invertebrate	1070934565	38.5	26.06321703698115	1.3624471001311422	0.5549330952532678	Invertebrate	
Tigriopus_californicus_Tcal_SD_v2_1	6832	Invertebrate	191142546	42.0	43.305376920112806	1.7305960391842652	0.5606462951665663	Invertebrate	
Trichoplusia_ni_tn1	7111	Invertebrate	368211209	35.5	18.523336154060427	1.150844668586826	0.5516492965910685	Invertebrate	
Uloborus_diversus_Udiv_v_3_1	327109	Invertebrate	2151890133	34.0	59.37779909881672	2.4671521151257383	0.572076701892799	Invertebrate	
Vanessa_atalanta_ilVanAtal1_2	42275	Invertebrate	370420815	33.0	11.51393179673232	0.9513674330131436	0.5485536654372325	Invertebrate	
Vanessa_cardui_ilVanCard2_1	171605	Invertebrate	424798336	33.5	13.25805570010519	1.002169625790868	0.5493420503884958	Invertebrate	
Wyeomyia_smithii_ASM2978416v1	174621	Invertebrate	769230131	39.0	28.343923516953343	1.430349338455669	0.5559868510052367	Invertebrate	
Amia_calva_fAmiCal2_hap1	7924	Vertebrate_Other	989103751	41.0	95.64011854606748	3.4827128456269048	0.5878369034361515	Vertebrate_Other	
Astatotilapia_calliptera_fAstCal1_2	8154	Vertebrate_Other	880428986	41.0	58.83327955525937	2.309737512204489	0.569633828912981	Vertebrate_Other	
Astyanax_mexicanus_AstMex3_surface	7994	Vertebrate_Other	1373169186	38.0	71.12233583138385	2.803189714099125	0.5772915749446069	Vertebrate_Other	
Betta_splendens_fBetSpl5_4	158456	Vertebrate_Other	426984265	45.5	98.0617749721081	3.1805734483256067	0.5831480870486709	Vertebrate_Other	
Carassius_auratus_ASM336829v1	7957	Vertebrate_Other	1820618472	37.5	37.87359800636597	1.7483856533263105	0.5609223671884913	Vertebrate_Other	
Carassius_gibelio_carGib1_2_hapl_c	101364	Vertebrate_Other	1583334954	37.5	40.55542852017382	1.833851335706902	0.5622486850923882	Vertebrate_Other	
Centropristis_striata_C_striata_1_0	184440	Vertebrate_Other	926021963	38.5	56.305360005807984	2.326216028205444	0.5698895543713514	Vertebrate_Other	
Cottoperca_gobio_fCotGob3_1	56716	Vertebrate_Other	609391784	41.0	83.41924084752677	3.093252929040081	0.5817929844521667	Vertebrate_Other	
Ctenopharyngodon_idella_HZGC01	7959	Vertebrate_Other	893198495	37.5	31.654189313843045	1.5501829946990544	0.5578465158360545	Vertebrate_Other	
Danio_rerio_GRCz11	7955	Vertebrate_Other	1373454788	36.5	37.93554573701277	1.7599203595797213	0.5611013710528958	Vertebrate_Other	
Erpetoichthys_calabaricus_fErpCal1_3	27687	Vertebrate_Other	3613534470	39.5	41.57516913783026	1.8472277809498832	0.562456270386533	Vertebrate_Other	
Etheostoma_spectabile_UIUC_Espe_1_0	54343	Vertebrate_Other	854790067	41.0	100.20044229747096	3.628043076007159	0.5900922424349372	Vertebrate_Other	
Gambusia_affinis_SWU_Gaff_1_0	33528	Vertebrate_Other	680149392	39.0	40.53201682649221	1.818764449312062	0.562014555942744	Vertebrate_Other	
Girardinichthys_multiradiatus_DD_fGirMul_XY1	208333	Vertebrate_Other	1150004004	40.0	41.149421945838725	1.830473061463626	0.5621962586039039	Vertebrate_Other	
Hemibagrus_wyckioides_SWU_Hwy_1_0	337641	Vertebrate_Other	789799567	39.5	51.30877986719977	2.1574224599368264	0.567270094426477	Vertebrate_Other	
Hoplias_malabaricus_fHopMal1_hap1	27720	Vertebrate_Other	1186354877	41.0	56.1004720512166	2.222647274029474	0.5682822999843078	Vertebrate_Other	
Lepisosteus_oculatus_LepOcu1	7918	Vertebrate_Other	945861706	39.5	17.54401663683414	1.0813932432509312	0.5505714994412845	Vertebrate_Other	
Megalobrama_amblycephala_ASM1881202v1	75352	Vertebrate_Other	1109871993	37.5	33.95746154765497	1.6235846365824511	0.5589856152861921	Vertebrate_Other	
Meleagris_gallopavo_Turkey_5_1	9103	Vertebrate_Other	1115457962	41.5	113.5453831067278	4.011179121472143	0.5960380230403681	Vertebrate_Other	
Nerophis_ophidion_RoL_Noph_v1_0	159077	Vertebrate_Other	1845757181	39.5	52.47060718329666	2.194448035882214	0.5678446839331727	Vertebrate_Other	
Perca_flavescens_PFLA_1_0	8167	Vertebrate_Other	877439799	41.0	79.80397100921954	2.978040032500336	0.5800050278924799	Vertebrate_Other	
Perca_fluviatilis_GENO_Pfluv_1_0	8168	Vertebrate_Other	951345774	41.0	78.35111274694115	2.93173976213576	0.5792865070098367	Vertebrate_Other	
Polypterus_senegalus_ASM1683550v1	55291	Vertebrate_Other	3673863536	39.5	34.1936847219913	1.6119916430122507	0.5588057068773006	Vertebrate_Other	
Pygocentrus_nattereri_fPygNat1_pri	42514	Vertebrate_Other	1222050449	40.5	60.31788627083103	2.399195509298509	0.5710221024268363	Vertebrate_Other	
Sander_lucioperca_SLUC_FBN_1_2	283035	Vertebrate_Other	901221791	41.0	81.25153726677979	3.024171655253948	0.5807209315802486	Vertebrate_Other	
Scatophagus_argus_fScaArg1_pri	75038	Vertebrate_Other	570785501	41.5	60.787249284109365	2.3298614234379675	0.5699461262353909	Vertebrate_Other	
Scomber_japonicus_fScoJap1_pri	13676	Vertebrate_Other	828681152	40.0	114.43363924850073	4.16592433100013	0.5984394704543755	Vertebrate_Other	
Siniperca_chuatsi_ASM2008510v1	119488	Vertebrate_Other	718804017	40.5	51.24158163805768	2.109948157450576	0.5665333540693109	Vertebrate_Other	
Solea_senegalensis_IFAPA_SoseM_1	28829	Vertebrate_Other	603518608	41.0	50.81476042393393	2.054200051610432	0.5656682148833291	Vertebrate_Other	
Thunnus_albacares_fThuAlb1_1	8236	Vertebrate_Other	792101331	39.5	68.67871302693216	2.710974558018382	0.5758605138553631	Vertebrate_Other	
Trichomycterus_rosablanca_fTriRos1_hap1	2290929	Vertebrate_Other	1045025885	40.5	57.77799465704144	2.3182532286375266	0.5697659819228796	Vertebrate_Other	
Triplophysa_rosa_Trosa_1v2	992332	Vertebrate_Other	684805028	39.5	45.86157826184145	1.983828808437189	0.564576143339051	Vertebrate_Other	
Acinonyx_jubatus_VMU_Ajub_asm_v1_0	32536	Mammalian	2377417351	41.5	219.28059866338543	7.38079204156265	0.6483300988845214	Mammalian	
Antechinus_flavipes_AdamAnt_v2	38775	Mammalian	3192643918	36.0	129.06505307314154	4.668852858726381	0.6062442769231681	Mammalian	
Apodemus_sylvaticus_mApoSyl1_1	10129	Mammalian	2889785202	41.0	172.6171549548962	5.935848374814003	0.6259064242358262	Mammalian	
Arvicola_amphibius_mArvAmp1_2	1047088	Mammalian	2297766297	42.0	142.771047006962	4.90040851431515	0.6098377240612641	Mammalian	
Balaenoptera_acutorostrata_mBalAcu1_1	9767	Mammalian	2772885358	41.5	319.77629274927995	10.58342974096322	0.6980309332088094	Mammalian	
Balaenoptera_musculus_mBalMus1_pri_v3	9771	Mammalian	2374852541	41.0	193.0487580594042	6.5869710192029824	0.636011013549699	Mammalian	
Balaenoptera_ricei_mBalRic1_hap2	2746895	Mammalian	2678442663	41.5	248.9989833319796	8.327869604544231	0.6630275293990027	Mammalian	
Bos_indicus_Bos_indicus_1_0	9915	Mammalian	2673949103	41.5	169.37354258494298	5.7903336582244025	0.6236482222474093	Mammalian	
Bos_indicus_x_Bos_taurus_UOA_Brahman_1	30522	Mammalian	2680953056	42.0	201.3049049076673	6.765789336722919	0.6387860447606505	Mammalian	
Bos_javanicus_ARS_OSU_banteng_1_0	9906	Mammalian	2972795249	43.0	185.0850562548332	6.1645966468062845	0.6294563043769311	Mammalian	
Bos_taurus_ARS_UCD2_0	9913	Mammalian	2770669782	42.0	201.29472478824124	6.765464916337506	0.6387810101718707	Mammalian	
Bubalus_bubalis_NDDB_SH_1	89462	Mammalian	2622444281	41.5	202.18606606129504	6.836016502827159	0.6398758804133889	Mammalian	
Budorcas_taxicolor_Takin1_1	37181	Mammalian	2851638285	43.5	217.42865474139592	7.153189661888474	0.644798001524237	Mammalian	
Callithrix_jacchus_mCalJa1_2_pat_X	9483	Mammalian	2874864526	41.0	129.92455700849953	4.575303276830469	0.6047925072547521	Mammalian	
Camelus_dromedarius_mCamDro1_pat	9838	Mammalian	2306603094	41.5	180.61408184341923	6.14855173235385	0.6292073078591242	Mammalian	
Camelus_ferus_BCGSAC_Cfer_1_0	419612	Mammalian	2087077296	41.5	196.39460643050603	6.651451897197684	0.6370116741723161	Mammalian	
Canis_lupus_familiaris_UU_Cfam_GSD_1_0	9612	Mammalian	2481983352	41.5	232.34583726571265	7.797160366462629	0.6547916018942462	Mammalian	
Chionomys_nivalis_mChiNiv1_1	269649	Mammalian	2393390621	42.0	136.4869140598174	4.7001432048995335	0.6067298630109708	Mammalian	
Cricetulus_griseus_CriGri_PICRH_1_0	10029	Mammalian	2366634374	41.5	137.45997420385646	4.773299045758107	0.6078651479440891	Mammalian	
Cynocephalus_volans_mCynVol1_pri	110931	Mammalian	2814418120	40.0	154.8700233638348	5.454567482475236	0.618437561336332	Mammalian	
Dama_dama_ASM3311817v1	30532	Mammalian	3104280228	42.5	192.2171827845692	6.4340321428641545	0.6336375981127667	Mammalian	
Dasypus_novemcinctus_mDasNov1_hap2	9361	Mammalian	3570966115	41.0	236.6065576626173	7.975088726842776	0.6575528221104765	Mammalian	
Delphinus_delphis_mDelDel1_1	9728	Mammalian	2663516986	42.0	318.31015325088674	10.494560225876768	0.6966517921818309	Mammalian	
Diceros_bicornis_minor_mDicBic1_mat_cur	9805	Mammalian	3005519209	41.5	205.687963199052	6.947616382436108	0.6416077675788004	Mammalian	
Dromiciops_gliroides_mDroGli1_pri	33562	Mammalian	3303199800	39.0	156.69109691760093	5.5205693120725154	0.6194618251793912	Mammalian	
Elephas_maximus_indicus_mEleMax1_primary_haplotype	9783	Mammalian	3401247148	41.0	150.79204117865532	5.240316754423232	0.6151126645049596	Mammalian	
Eptesicus_fuscus_DD_ASM_mEF_20220401	29078	Mammalian	2008057866	43.5	336.2193945859128	10.938861337171309	0.7035467762528297	Mammalian	
Equus_asinus_ASM1607732v2	9793	Mammalian	2431907375	41.5	162.67375314818477	5.576822022272449	0.6203347951786086	Mammalian	
Equus_caballus_EquCab3_0	9796	Mammalian	2506949475	41.5	156.8084604381782	5.389904476533322	0.6174340743212909	Mammalian	
Equus_quagga_UCLA_HA_Equagga_1_0	89248	Mammalian	2500914156	41.5	156.55231482174077	5.381741543368116	0.6173073960557725	Mammalian	
Eubalaena_glacialis_mEubGla1_1_hap2_XY	27606	Mammalian	2843675187	41.5	289.2446240688002	9.610434080422582	0.6829312870228444	Mammalian	
Felis_catus_F_catus_Fca126_mat1_0	9685	Mammalian	2425730029	42.0	223.73169646224247	7.480495444759522	0.6498773679761151	Mammalian	
Globicephala_melas_mGloMel1_1	9731	Mammalian	2651276051	42.5	366.9061492262596	12.001091246718934	0.720031223668974	Mammalian	
Gorilla_gorilla_gorilla_NHGRI_mGorGor1_v2_0_pri	9593	Mammalian	3545834224	40.5	137.7893628794126	4.8680880856157	0.6093361524122505	Mammalian	
Hippopotamus_amphibius_kiboko_mHipAmp2_hap2	9833	Mammalian	2538242855	41.5	219.1488112848261	7.376592167913053	0.6482649222257689	Mammalian	
Homo_sapiens_GRCh38_p14	9606	Mammalian	3099441038	41.0	125.93428385801592	4.4481396319811655	0.6028190903909243	Mammalian	
Ictidomys_tridecemlineatus_HiC_Itri_2	43179	Mammalian	2478949113	40.0	141.31862261349656	5.0227059489884684	0.6117356235770668	Mammalian	
Kogia_breviceps_mKogBre1_haplotype_1	27615	Mammalian	2555838840	42.0	191.81720121562785	6.463431322148151	0.6340938357131476	Mammalian	
Lagenorhynchus_albirostris_mLagAlb1_1	27610	Mammalian	2544819402	42.0	259.17015993560403	8.609862846463816	0.6674037032633886	Mammalian	
Lemur_catta_mLemCat1_pri	9447	Mammalian	2245584463	41.5	202.3956566125436	6.842695834163037	0.6399795350790989	Mammalian	
Lepus_europaeus_mLepTim1_pri	9983	Mammalian	2930954587	44.0	246.15909704457425	8.026637118375358	0.6583527871104902	Mammalian	
Loxodonta_africana_mLoxAfr1_hap2	9785	Mammalian	3540876381	41.0	155.27300047812656	5.383117780533547	0.6173287534935378	Mammalian	
Lutra_lutra_mLutLut1_2	9657	Mammalian	2438442342	41.5	214.32102247655783	7.222738222129551	0.6458773060833138	Mammalian	
Macaca_mulatta_Mmul_10	9544	Mammalian	2971314966	41.0	123.14243506849604	4.3591678511759735	0.6014383623309995	Mammalian	
Manis_pentadactyla_mManPen7_hap1	143292	Mammalian	2840164579	41.0	186.0057701958968	6.362522209632836	0.6325278555575173	Mammalian	
Meles_meles_mMelMel3_1_paternal_haplotype	9662	Mammalian	2738678004	42.5	253.5974763502332	8.390124314953168	0.6639936427525426	Mammalian	
Meriones_unguiculatus_Bangor_MerUng_6_1	10047	Mammalian	2702201048	42.0	176.8619327395065	5.986830751566101	0.6266976054115455	Mammalian	
Mesoplodon_densirostris_mMesDen1_primary_haplotype	48708	Mammalian	2683375131	41.5	203.44962875372147	6.876284243048622	0.6405007841562429	Mammalian	
Microcebus_murinus_Mmur_3_0	30608	Mammalian	2487392024	41.0	178.08047467259885	6.109955681301076	0.6286083465906345	Mammalian	
Mus_caroli_CAROLI_EIJ_v1_1	10089	Mammalian	2552816249	41.5	140.67099634558798	4.875629202419393	0.6094531808844222	Mammalian	
Mus_musculus_GRCm39	10090	Mammalian	2728206152	42.0	162.15594877090908	5.51817446500738	0.6194246602208825	Mammalian	
Mustela_erminea_mMusErm1_Pri	36723	Mammalian	2445200799	41.5	213.4342033335957	7.1944767131146	0.6454387236680849	Mammalian	
Mustela_lutreola_mMusLut2_pri	9666	Mammalian	2586268927	42.0	215.14061982928507	7.206711536406042	0.6456285924520279	Mammalian	
Mustela_nigripes_MUSNIG_SB6536	77151	Mammalian	2498532951	41.5	205.22126880554143	6.932743588000915	0.6413769608621054	Mammalian	
Myotis_daubentonii_mMyoDau2_1	98922	Mammalian	2127807131	43.0	310.37728484800346	10.15746042102261	0.6914204350555027	Mammalian	
Neofelis_nebulosa_mNeoNeb1_pri	61452	Mammalian	2468345093	42.0	222.23027142987905	7.432647421461901	0.6491348279507152	Mammalian	
Neogale_vison_ASM_NN_V1	452646	Mammalian	2681198719	42.5	233.6235388389297	7.7535867570190735	0.6541153952960816	Mammalian	
Neomonachus_schauinslandi_ASM220157v2	29088	Mammalian	2419443398	41.5	249.47659469899284	8.343090338249361	0.6632637356874362	Mammalian	
Nycticebus_coucang_mNycCou1_pri	9470	Mammalian	2917154053	41.0	129.79911006434597	4.5713054807510005	0.6047304665810146	Mammalian	
Ochotona_princeps_mOchPri1_hap1	9978	Mammalian	2555444530	44.0	192.2673312732795	6.309192374137126	0.6317002448293323	Mammalian	
Orcinus_orca_mOrcOrc1_1	9733	Mammalian	2647335075	42.0	237.9829455413976	7.9346600830333	0.6569254213500638	Mammalian	
Ornithorhynchus_anatinus_mOrnAna1_pri_v4	9258	Mammalian	1859264908	46.0	388.42253534151627	12.391762417727051	0.7260939397698879	Mammalian	
Oryctolagus_cuniculus_UM_NZW_1_0	9986	Mammalian	2841489785	44.0	208.7246287755973	6.833660248403157	0.6398393143632313	Mammalian	
Ovis_aries_ARS_UI_Ramb_v3_0	9940	Mammalian	2654047367	42.0	200.1781055027413	6.729880047345339	0.6382287785914574	Mammalian	
Pan_paniscus_NHGRI_mPanPan1_v2_0_pri	9597	Mammalian	3244888708	40.5	127.13067579716106	4.528412707959112	0.6040648256954915	Mammalian	
Pan_troglodytes_NHGRI_mPanTro3_v2_0_pri	9598	Mammalian	3177739762	40.5	127.87748952113168	4.5522124806224085	0.6044341676782938	Mammalian	
Panthera_leo_P_leo_Ple1_pat1_1	9689	Mammalian	2297552363	41.5	226.24913717334945	7.602868248215897	0.651776437118879	Mammalian	
Panthera_tigris_P_tigris_Pti1_mat1_1	9694	Mammalian	2408678698	41.5	222.0409172750593	7.468758979620055	0.6496952330722643	Mammalian	
Panthera_uncia_Puncia_PCG_1_0	29064	Mammalian	2433972596	41.5	213.8458395214133	7.207594928653947	0.645642301568037	Mammalian	
Perognathus_longimembris_pacificus_ASM2315922v1	38669	Mammalian	2212099196	42.0	227.62066950274323	7.6044308518267005	0.65180068672513	Mammalian	
Phacochoerus_africanus_ROS_Pafr_v1	41426	Mammalian	2435083091	42.0	177.87668174482016	6.019169185915627	0.6271994564851819	Mammalian	
Phocoena_phocoena_mPhoPho1_1	9742	Mammalian	2512713112	41.5	243.6380409193328	8.157024921850663	0.6603762387858534	Mammalian	
Phocoena_sinus_mPhoSin1_pri	42100	Mammalian	2371524154	41.5	193.13992616412543	6.547730429614356	0.6354020498688253	Mammalian	
Phyllostomus_discolor_mPhyDis1_pri_v3	89673	Mammalian	2108832841	42.5	272.5837196880035	8.995185670163252	0.6733834198656247	Mammalian	
Pongo_abelii_NHGRI_mPonAbe1_v2_0_pri	9601	Mammalian	3259853530	41.0	124.37673784324976	4.398503121802426	0.6020487953402881	Mammalian	
Prionailurus_bengalensis_Fcat_Pben_1_1_paternal_pri	37029	Mammalian	2435702060	42.0	222.80507449767927	7.450965477532329	0.649419100714403	Mammalian	
Prionailurus_viverrinus_UM_Priviv_1_0	61388	Mammalian	2461545606	42.0	244.8788287416142	8.15442089056059	0.6603358275561513	Mammalian	
Rattus_norvegicus_GRCr8	10116	Mammalian	2849581192	42.0	151.79125311969705	5.1878681122553285	0.6142987287683608	Mammalian	
Rattus_rattus_Rrattus_CSIRO_v1	10117	Mammalian	2382770976	42.0	152.9859601428685	5.225941521429833	0.6148895793044351	Mammalian	
Saccopteryx_bilineata_mSacBil1_pri_phased_curated	59482	Mammalian	2612309609	41.5	191.91982384963924	6.508847722238714	0.6347986400614287	Mammalian	
Sarcophilus_harrisii_mSarHar1_11	9305	Mammalian	3086657325	36.0	125.20335631819768	4.545786726202713	0.6043344482014757	Mammalian	
Sciurus_carolinensis_mSciCar1_2	30640	Mammalian	2815397268	40.0	145.72082052613544	5.162996987478394	0.6139127607732209	Mammalian	
Suricata_suricatta_meerkat_22Aug2017_6uvM2_HiC	37032	Mammalian	2353578744	41.5	203.0616146659081	6.863918854892835	0.6403088891728668	Mammalian	
Sus_scrofa_Sscrofa11_1	9823	Mammalian	2501895775	42.0	173.44732057020377	5.878012505880614	0.6250088856411867	Mammalian	
Tachyglossus_aculeatus_mTacAcu1_pri	9261	Mammalian	2213004214	45.5	377.0426620615554	12.07124995948448	0.7211199970135886	Mammalian	
Trichosurus_vulpecula_mTriVul1_pri	9337	Mammalian	3359330516	39.5	155.7425862496466	5.485561516198135	0.6189185490345007	Mammalian	
Ursus_arctos_UrsArc2_0	9644	Mammalian	2423401459	42.5	254.1599832374638	8.40805051708852	0.6642718344451463	Mammalian	
Vulpes_lagopus_ASM1834538v1	494514	Mammalian	2345533697	41.5	242.53497660896304	8.121872029118247	0.6598307109236041	Mammalian	
